"timestamp","source","client"
"2020-02-28T13:30:45.444Z","duckhunt04.true.nl","5.255.79.14"
"2020-02-28T13:30:45.444Z","duckhunt04.true.nl","5.255.79.14"
"2020-02-28T13:30:49.447Z","duckhunt04.true.nl","81.17.62.205"
"2020-02-28T13:30:48.037Z","duckhunt04.true.nl",
"2020-02-28T13:30:51.037Z","duckhunt04.true.nl",
"2020-02-28T13:30:54.038Z","duckhunt04.true.nl",
"2020-02-28T13:30:47.597Z","duckhunt04.true.nl","136.144.189.96"
"2020-02-28T13:30:49.598Z","duckhunt04.true.nl","136.144.189.96"
"2020-02-28T13:30:51.599Z","duckhunt04.true.nl","54.36.148.170"
"2020-02-28T13:30:53.599Z","duckhunt04.true.nl","131.147.234.254"
"2020-02-28T13:30:53.599Z","duckhunt04.true.nl","136.144.189.96"
"2020-02-28T13:30:53.599Z","duckhunt04.true.nl","127.0.0.1"
"2020-02-28T13:30:53.599Z","duckhunt04.true.nl","136.144.189.96"
"2020-02-28T13:30:54.600Z","duckhunt04.true.nl","163.158.116.175"
"2020-02-28T13:30:54.600Z","duckhunt04.true.nl","163.158.116.175"
"2020-02-28T13:30:52.000Z","duckhunt04.true.nl","77.241.85.110"
"2020-02-28T13:30:51.775Z","duckhunt04.true.nl","157.55.39.77"
"2020-02-28T13:30:46.400Z","duckhunt04.true.nl","195.169.15.201"
"2020-02-28T13:30:50.392Z","duckhunt04.true.nl","127.0.0.1"
"2020-02-28T13:30:50.392Z","duckhunt04.true.nl","127.0.0.1"
"2020-02-28T13:30:52.392Z","duckhunt04.true.nl","62.21.137.91"
"2020-02-28T13:30:53.393Z","duckhunt04.true.nl","159.100.67.218"
"2020-02-28T13:30:53.393Z","duckhunt04.true.nl","159.100.67.218"
"2020-02-28T13:30:53.393Z","duckhunt04.true.nl","159.100.67.218"
"2020-02-28T13:30:54.393Z","duckhunt04.true.nl","127.0.0.1"
"2020-02-28T13:30:54.393Z","duckhunt04.true.nl","127.0.0.1"
"2020-02-28T13:30:45.419Z","duckhunt01.true.nl","217.166.79.130"
"2020-02-28T13:30:45.419Z","duckhunt01.true.nl","217.166.79.130"
"2020-02-28T13:30:45.419Z","duckhunt01.true.nl","217.166.79.130"
"2020-02-28T13:30:45.419Z","duckhunt01.true.nl","217.166.79.130"
"2020-02-28T13:30:45.419Z","duckhunt01.true.nl","217.166.79.130"
"2020-02-28T13:30:45.419Z","duckhunt01.true.nl","217.166.79.130"
"2020-02-28T13:30:45.419Z","duckhunt01.true.nl","217.166.79.130"
"2020-02-28T13:30:45.419Z","duckhunt01.true.nl","217.166.79.130"
"timestamp","source","client"
"2020-02-28T13:31:44.654Z","duckhunt04.true.nl","37.0.81.193"
"2020-02-28T13:31:44.654Z","duckhunt04.true.nl","37.0.81.193"
"2020-02-28T13:31:47.655Z","duckhunt04.true.nl","37.0.81.193"
"2020-02-28T13:31:48.655Z","duckhunt04.true.nl","37.0.81.193"
"2020-02-28T13:31:41.618Z","duckhunt04.true.nl","127.0.0.1"
"2020-02-28T13:31:41.617Z","duckhunt04.true.nl","127.0.0.1"
"2020-02-28T13:31:42.397Z","duckhunt04.true.nl","81.17.20.10"
"2020-02-28T13:31:41.612Z","duckhunt04.true.nl","136.144.189.96"
"2020-02-28T13:31:41.612Z","duckhunt04.true.nl","136.144.189.96"
"2020-02-28T13:31:43.613Z","duckhunt04.true.nl","136.144.189.96"
"2020-02-28T13:31:43.613Z","duckhunt04.true.nl","136.144.189.96"
"2020-02-28T13:31:41.612Z","duckhunt04.true.nl","136.144.189.96"
"2020-02-28T13:31:44.613Z","duckhunt04.true.nl","136.144.189.96"
"2020-02-28T13:31:46.615Z","duckhunt04.true.nl","136.144.189.96"
"2020-02-28T13:31:45.613Z","duckhunt04.true.nl","136.144.189.96"
"2020-02-28T13:31:47.615Z","duckhunt04.true.nl","192.151.145.82"
"2020-02-28T13:31:47.616Z","duckhunt04.true.nl","136.144.189.96"
"2020-02-28T13:31:47.616Z","duckhunt04.true.nl","136.144.189.96"
"2020-02-28T13:31:48.616Z","duckhunt04.true.nl","136.144.189.96"
"2020-02-28T13:31:49.616Z","duckhunt04.true.nl","136.144.189.96"
"2020-02-28T13:31:40.326Z","duckhunt07.true.nl","162.144.23.247"
"2020-02-28T13:31:40.325Z","duckhunt07.true.nl","162.144.23.247"
"2020-02-28T13:31:47.415Z","duckhunt04.true.nl","84.30.246.32"
"timestamp","source","client"
"2020-02-28T13:31:47.655Z","duckhunt04.true.nl","37.0.81.193"
"2020-02-28T13:31:48.655Z","duckhunt04.true.nl","37.0.81.193"
"2020-02-28T13:31:54.983Z","duckhunt04.true.nl","127.0.0.1"
"2020-02-28T13:31:47.618Z","duckhunt04.true.nl","127.0.0.1"
"2020-02-28T13:31:47.615Z","duckhunt04.true.nl","192.151.145.82"
"2020-02-28T13:31:47.616Z","duckhunt04.true.nl","136.144.189.96"
"2020-02-28T13:31:47.616Z","duckhunt04.true.nl","136.144.189.96"
"2020-02-28T13:31:48.616Z","duckhunt04.true.nl","136.144.189.96"
"2020-02-28T13:31:49.616Z","duckhunt04.true.nl","136.144.189.96"
"2020-02-28T13:31:51.617Z","duckhunt04.true.nl","136.144.189.96"
"2020-02-28T13:31:52.617Z","duckhunt04.true.nl","136.144.189.96"
"2020-02-28T13:31:53.617Z","duckhunt04.true.nl","178.239.49.100"
"2020-02-28T13:31:47.415Z","duckhunt04.true.nl","84.30.246.32"
"2020-02-28T13:31:47.407Z","duckhunt04.true.nl","185.134.218.34"
"2020-02-28T13:31:47.407Z","duckhunt04.true.nl","185.134.218.34"
"2020-02-28T13:31:47.407Z","duckhunt04.true.nl","185.134.218.34"
"2020-02-28T13:31:47.407Z","duckhunt04.true.nl","185.134.218.34"
"2020-02-28T13:31:47.407Z","duckhunt04.true.nl","185.134.218.34"
"2020-02-28T13:31:47.407Z","duckhunt04.true.nl","185.134.218.34"
"2020-02-28T13:31:47.407Z","duckhunt04.true.nl","185.134.218.34"
"2020-02-28T13:31:47.407Z","duckhunt04.true.nl","185.134.218.34"
"2020-02-28T13:31:47.407Z","duckhunt04.true.nl","127.0.0.1"
"2020-02-28T13:31:47.407Z","duckhunt04.true.nl","185.134.218.34"
"2020-02-28T13:31:47.407Z","duckhunt04.true.nl","185.134.218.34"
"2020-02-28T13:31:47.407Z","duckhunt04.true.nl","127.0.0.1"
"2020-02-28T13:31:47.407Z","duckhunt04.true.nl","185.134.218.34"
"2020-02-28T13:31:48.407Z","duckhunt04.true.nl","185.134.218.34"
"2020-02-28T13:31:48.407Z","duckhunt04.true.nl","185.134.218.34"
"2020-02-28T13:31:48.407Z","duckhunt04.true.nl","127.0.0.1"
"2020-02-28T13:31:49.407Z","duckhunt04.true.nl","127.0.0.1"
"2020-02-28T13:31:50.408Z","duckhunt04.true.nl","127.0.0.1"
"2020-02-28T13:31:50.408Z","duckhunt04.true.nl","127.0.0.1"
"2020-02-28T13:31:50.408Z","duckhunt04.true.nl","127.0.0.1"
"2020-02-28T13:31:50.408Z","duckhunt04.true.nl","178.238.100.85"
"2020-02-28T13:31:47.407Z","duckhunt04.true.nl","127.0.0.1"
"2020-02-28T13:31:51.408Z","duckhunt04.true.nl","127.0.0.1"
"2020-02-28T13:31:53.408Z","duckhunt04.true.nl","127.0.0.1"
"2020-02-28T13:31:53.408Z","duckhunt04.true.nl","127.0.0.1"
"2020-02-28T13:31:54.409Z","duckhunt04.true.nl","127.0.0.1"
"2020-02-28T13:31:54.409Z","duckhunt04.true.nl","127.0.0.1"
"timestamp","source","client"
"2020-02-28T13:31:54.983Z","duckhunt04.true.nl","127.0.0.1"
"2020-02-28T13:31:51.617Z","duckhunt04.true.nl","136.144.189.96"
"2020-02-28T13:31:52.617Z","duckhunt04.true.nl","136.144.189.96"
"2020-02-28T13:31:53.617Z","duckhunt04.true.nl","178.239.49.100"
"2020-02-28T13:31:50.408Z","duckhunt04.true.nl","127.0.0.1"
"2020-02-28T13:31:50.408Z","duckhunt04.true.nl","127.0.0.1"
"2020-02-28T13:31:50.408Z","duckhunt04.true.nl","127.0.0.1"
"2020-02-28T13:31:50.408Z","duckhunt04.true.nl","178.238.100.85"
"2020-02-28T13:31:51.408Z","duckhunt04.true.nl","127.0.0.1"
"2020-02-28T13:31:53.408Z","duckhunt04.true.nl","127.0.0.1"
"2020-02-28T13:31:53.408Z","duckhunt04.true.nl","127.0.0.1"
"2020-02-28T13:31:54.409Z","duckhunt04.true.nl","127.0.0.1"
"2020-02-28T13:31:54.409Z","duckhunt04.true.nl","127.0.0.1"
"2020-02-28T13:31:57.409Z","duckhunt04.true.nl","127.0.0.1"
"2020-02-28T13:31:57.409Z","duckhunt04.true.nl","213.125.101.3"
b'"timestamp","source","client"\n"2020-02-28T13:32:16.661Z","duckhunt04.true.nl","127.0.0.1"\n"2020-02-28T13:32:18.662Z","duckhunt04.true.nl","127.0.0.1"\n"2020-02-28T13:32:19.662Z","duckhunt04.true.nl","127.0.0.1"\n"2020-02-28T13:32:16.525Z","duckhunt04.true.nl",\n"2020-02-28T13:32:21.827Z","duckhunt06.true.nl","127.0.0.1"\n"2020-02-28T13:32:18.826Z","duckhunt06.true.nl","127.0.0.1"\n"2020-02-28T13:32:13.049Z","duckhunt04.true.nl",\n"2020-02-28T13:32:15.599Z","duckhunt04.true.nl","217.100.195.150"\n"2020-02-28T13:32:12.622Z","duckhunt04.true.nl","91.136.177.76"\n"2020-02-28T13:32:12.622Z","duckhunt04.true.nl","136.144.189.96"\n"2020-02-28T13:32:13.622Z","duckhunt04.true.nl","136.144.189.96"\n"2020-02-28T13:32:13.622Z","duckhunt04.true.nl","136.144.189.96"\n"2020-02-28T13:32:14.622Z","duckhunt04.true.nl","66.249.79.52"\n"2020-02-28T13:32:14.622Z","duckhunt04.true.nl","136.144.189.96"\n"2020-02-28T13:32:12.622Z","duckhunt04.true.nl","91.136.177.76"\n"2020-02-28T13:32:16.623Z","duckhunt04.true.nl","207.46.13.105"\n"2020-02-28T13:32:15.623Z","duckhunt04.true.nl","136.144.189.96"\n"2020-02-28T13:32:17.623Z","duckhunt04.true.nl","89.105.209.230"\n"2020-02-28T13:32:18.623Z","duckhunt04.true.nl","89.105.209.230"\n"2020-02-28T13:32:18.623Z","duckhunt04.true.nl","89.105.209.230"\n"2020-02-28T13:32:19.624Z","duckhunt04.true.nl","136.144.189.96"\n"2020-02-28T13:32:15.623Z","duckhunt04.true.nl","213.239.216.194"\n"2020-02-28T13:32:20.624Z","duckhunt04.true.nl","52.142.235.166"\n"2020-02-28T13:32:17.086Z","duckhunt04.true.nl","127.0.0.1"\n"2020-02-28T13:32:12.669Z","duckhunt05.true.nl","145.132.27.27"\n"2020-02-28T13:32:12.669Z","duckhunt05.true.nl","127.0.0.1"\n"2020-02-28T13:32:20.424Z","duckhunt04.true.nl","194.171.104.36"\n"2020-02-28T13:32:20.424Z","duckhunt04.true.nl",\n"2020-02-28T13:32:20.424Z","duckhunt04.true.nl",\n"2020-02-28T13:32:12.414Z","duckhunt04.true.nl","127.0.0.1"\n"2020-02-28T13:32:14.414Z","duckhunt04.true.nl","127.0.0.1"\n"2020-02-28T13:32:14.414Z","duckhunt04.true.nl","93.117.201.33"\n"2020-02-28T13:32:20.415Z","duckhunt04.true.nl","127.0.0.1"\n"2020-02-28T13:32:20.416Z","duckhunt04.true.nl","193.53.39.161"\n"2020-02-28T13:32:21.417Z","duckhunt04.true.nl","127.0.0.1"\n"2020-02-28T13:32:12.224Z","duckhunt04.true.nl","145.131.249.186"\n'b'"timestamp","source","client"\n"2020-02-28T13:32:18.662Z","duckhunt04.true.nl","127.0.0.1"\n"2020-02-28T13:32:19.662Z","duckhunt04.true.nl","127.0.0.1"\n"2020-02-28T13:32:20.662Z","duckhunt04.true.nl","127.0.0.1"\n"2020-02-28T13:32:21.827Z","duckhunt06.true.nl","127.0.0.1"\n"2020-02-28T13:32:18.826Z","duckhunt06.true.nl","127.0.0.1"\n"2020-02-28T13:32:21.051Z","duckhunt04.true.nl",\n"2020-02-28T13:32:22.051Z","duckhunt04.true.nl",\n"2020-02-28T13:32:18.623Z","duckhunt04.true.nl","89.105.209.230"\n"2020-02-28T13:32:18.623Z","duckhunt04.true.nl","89.105.209.230"\n"2020-02-28T13:32:19.624Z","duckhunt04.true.nl","136.144.189.96"\n"2020-02-28T13:32:20.624Z","duckhunt04.true.nl","52.142.235.166"\n"2020-02-28T13:32:22.625Z","duckhunt04.true.nl","136.144.189.96"\n"2020-02-28T13:32:26.626Z","duckhunt04.true.nl","136.144.189.96"\n"2020-02-28T13:32:27.626Z","duckhunt04.true.nl","136.144.189.96"\n"2020-02-28T13:32:19.798Z","duckhunt04.true.nl","85.114.130.92"\n"2020-02-28T13:32:19.798Z","duckhunt04.true.nl","85.114.130.92"\n"2020-02-28T13:32:19.798Z","duckhunt04.true.nl","85.114.130.92"\n"2020-02-28T13:32:19.798Z","duckhunt04.true.nl","85.114.130.92"\n"2020-02-28T13:32:19.798Z","duckhunt04.true.nl","85.114.130.92"\n"2020-02-28T13:32:19.798Z","duckhunt04.true.nl","85.114.130.92"\n"2020-02-28T13:32:19.798Z","duckhunt04.true.nl","85.114.130.92"\n"2020-02-28T13:32:19.798Z","duckhunt04.true.nl","85.114.130.92"\n"2020-02-28T13:32:19.798Z","duckhunt04.true.nl","85.114.130.92"\n"2020-02-28T13:32:19.798Z","duckhunt04.true.nl","85.114.130.92"\n"2020-02-28T13:32:19.798Z","duckhunt04.true.nl","85.114.130.92"\n"2020-02-28T13:32:19.798Z","duckhunt04.true.nl","85.114.130.92"\n"2020-02-28T13:32:19.798Z","duckhunt04.true.nl","85.114.130.92"\n"2020-02-28T13:32:19.798Z","duckhunt04.true.nl","85.114.130.92"\n"2020-02-28T13:32:19.798Z","duckhunt04.true.nl","85.114.130.92"\n"2020-02-28T13:32:19.798Z","duckhunt04.true.nl","85.114.130.92"\n"2020-02-28T13:32:19.798Z","duckhunt04.true.nl","85.114.130.92"\n"2020-02-28T13:32:19.798Z","duckhunt04.true.nl","85.114.130.92"\n"2020-02-28T13:32:19.798Z","duckhunt04.true.nl","85.114.130.92"\n"2020-02-28T13:32:19.798Z","duckhunt04.true.nl","85.114.130.92"\n"2020-02-28T13:32:19.798Z","duckhunt04.true.nl","85.114.130.92"\n"2020-02-28T13:32:19.798Z","duckhunt04.true.nl","85.114.130.92"\n"2020-02-28T13:32:19.798Z","duckhunt04.true.nl","85.114.130.92"\n"2020-02-28T13:32:19.798Z","duckhunt04.true.nl","85.114.130.92"\n"2020-02-28T13:32:19.798Z","duckhunt04.true.nl","85.114.130.92"\n"2020-02-28T13:32:19.798Z","duckhunt04.true.nl","85.114.130.92"\n"2020-02-28T13:32:19.798Z","duckhunt04.true.nl","85.114.130.92"\n"2020-02-28T13:32:19.798Z","duckhunt04.true.nl","85.114.130.92"\n"2020-02-28T13:32:19.798Z","duckhunt04.true.nl","85.114.130.92"\n"2020-02-28T13:32:19.798Z","duckhunt04.true.nl","85.114.130.92"\n"2020-02-28T13:32:20.798Z","duckhunt04.true.nl","85.114.130.92"\n"2020-02-28T13:32:20.798Z","duckhunt04.true.nl","85.114.130.92"\n"2020-02-28T13:32:20.798Z","duckhunt04.true.nl","85.114.130.92"\n"2020-02-28T13:32:20.798Z","duckhunt04.true.nl","85.114.130.92"\n"2020-02-28T13:32:20.798Z","duckhunt04.true.nl","85.114.130.92"\n"2020-02-28T13:32:20.798Z","duckhunt04.true.nl","85.114.130.92"\n"2020-02-28T13:32:20.798Z","duckhunt04.true.nl","85.114.130.92"\n"2020-02-28T13:32:20.798Z","duckhunt04.true.nl","85.114.130.92"\n"2020-02-28T13:32:20.798Z","duckhunt04.true.nl","85.114.130.92"\n"2020-02-28T13:32:19.798Z","duckhunt04.true.nl","85.114.130.92"\n"2020-02-28T13:32:20.798Z","duckhunt04.true.nl","85.114.130.92"\n"2020-02-28T13:32:20.798Z","duckhunt04.true.nl","85.114.130.92"\n"2020-02-28T13:32:20.798Z","duckhunt04.true.nl","85.114.130.92"\n"2020-02-28T13:32:21.798Z","duckhunt04.true.nl","85.114.130.92"\n"2020-02-28T13:32:21.798Z","duckhunt04.true.nl","85.114.130.92"\n"2020-02-28T13:32:21.798Z","duckhunt04.true.nl","85.114.130.92"\n"2020-02-28T13:32:21.798Z","duckhunt04.true.nl","85.114.130.92"\n"2020-02-28T13:32:21.798Z","duckhunt04.true.nl","85.114.130.92"\n"2020-02-28T13:32:21.798Z","duckhunt04.true.nl","85.114.130.92"\n"2020-02-28T13:32:21.798Z","duckhunt04.true.nl","85.114.130.92"\n"2020-02-28T13:32:21.798Z","duckhunt04.true.nl","85.114.130.92"\n"2020-02-28T13:32:21.798Z","duckhunt04.true.nl","85.114.130.92"\n"2020-02-28T13:32:21.798Z","duckhunt04.true.nl","85.114.130.92"\n"2020-02-28T13:32:21.798Z","duckhunt04.true.nl","85.114.130.92"\n"2020-02-28T13:32:21.798Z","duckhunt04.true.nl","85.114.130.92"\n"2020-02-28T13:32:21.798Z","duckhunt04.true.nl","85.114.130.92"\n"2020-02-28T13:32:22.799Z","duckhunt04.true.nl","85.114.130.92"\n"2020-02-28T13:32:22.799Z","duckhunt04.true.nl","85.114.130.92"\n"2020-02-28T13:32:22.799Z","duckhunt04.true.nl","85.114.130.92"\n"2020-02-28T13:32:22.799Z","duckhunt04.true.nl","85.114.130.92"\n"2020-02-28T13:32:22.799Z","duckhunt04.true.nl","85.114.130.92"\n"2020-02-28T13:32:22.799Z","duckhunt04.true.nl","85.114.130.92"\n"2020-02-28T13:32:22.799Z","duckhunt04.true.nl","85.114.130.92"\n"2020-02-28T13:32:22.799Z","duckhunt04.true.nl","85.114.130.92"\n"2020-02-28T13:32:22.799Z","duckhunt04.true.nl","85.114.130.92"\n"2020-02-28T13:32:22.799Z","duckhunt04.true.nl","85.114.130.92"\n"2020-02-28T13:32:19.798Z","duckhunt04.true.nl","85.114.130.92"\n"2020-02-28T13:32:22.799Z","duckhunt04.true.nl","85.114.130.92"\n"2020-02-28T13:32:22.799Z","duckhunt04.true.nl","85.114.130.92"\n"2020-02-28T13:32:22.799Z","duckhunt04.true.nl","85.114.130.92"\n"2020-02-28T13:32:22.799Z","duckhunt04.true.nl","85.114.130.92"\n"2020-02-28T13:32:22.799Z","duckhunt04.true.nl","85.114.130.92"\n"2020-02-28T13:32:22.799Z","duckhunt04.true.nl","85.114.130.92"\n"2020-02-28T13:32:22.799Z","duckhunt04.true.nl","85.114.130.92"\n"2020-02-28T13:32:23.799Z","duckhunt04.true.nl","85.114.130.92"\n"2020-02-28T13:32:23.799Z","duckhunt04.true.nl","85.114.130.92"\n"2020-02-28T13:32:23.799Z","duckhunt04.true.nl","85.114.130.92"\n"2020-02-28T13:32:23.799Z","duckhunt04.true.nl","85.114.130.92"\n"2020-02-28T13:32:23.799Z","duckhunt04.true.nl","85.114.130.92"\n"2020-02-28T13:32:23.799Z","duckhunt04.true.nl","85.114.130.92"\n"2020-02-28T13:32:23.799Z","duckhunt04.true.nl","85.114.130.92"\n"2020-02-28T13:32:23.799Z","duckhunt04.true.nl","85.114.130.92"\n"2020-02-28T13:32:23.799Z","duckhunt04.true.nl","85.114.130.92"\n"2020-02-28T13:32:23.799Z","duckhunt04.true.nl","85.114.130.92"\n"2020-02-28T13:32:23.799Z","duckhunt04.true.nl","85.114.130.92"\n"2020-02-28T13:32:20.798Z","duckhunt04.true.nl","85.114.130.92"\n"2020-02-28T13:32:23.799Z","duckhunt04.true.nl","85.114.130.92"\n"2020-02-28T13:32:23.799Z","duckhunt04.true.nl","85.114.130.92"\n"2020-02-28T13:32:23.799Z","duckhunt04.true.nl","85.114.130.92"\n"2020-02-28T13:32:23.799Z","duckhunt04.true.nl","85.114.130.92"\n"2020-02-28T13:32:22.799Z","duckhunt04.true.nl","85.114.130.92"\n"2020-02-28T13:32:23.799Z","duckhunt04.true.nl","85.114.130.92"\n"2020-02-28T13:32:20.424Z","duckhunt04.true.nl","194.171.104.36"\n"2020-02-28T13:32:20.424Z","duckhunt04.true.nl",\n"2020-02-28T13:32:20.424Z","duckhunt04.true.nl",\n"2020-02-28T13:32:20.415Z","duckhunt04.true.nl","127.0.0.1"\n"2020-02-28T13:32:20.416Z","duckhunt04.true.nl","193.53.39.161"\n"2020-02-28T13:32:21.417Z","duckhunt04.true.nl","127.0.0.1"\n"2020-02-28T13:32:22.418Z","duckhunt04.true.nl","127.0.0.1"\n"2020-02-28T13:32:24.418Z","duckhunt04.true.nl","127.0.0.1"\n"2020-02-28T13:32:24.418Z","duckhunt04.true.nl","85.146.226.34"\n"2020-02-28T13:32:25.418Z","duckhunt04.true.nl","127.0.0.1"\n"2020-02-28T13:32:27.419Z","duckhunt04.true.nl","127.0.0.1"\n'b'"timestamp","source","client"\n"2020-02-28T13:32:21.827Z","duckhunt06.true.nl","127.0.0.1"\n"2020-02-28T13:32:22.051Z","duckhunt04.true.nl",\n"2020-02-28T13:32:22.625Z","duckhunt04.true.nl","136.144.189.96"\n"2020-02-28T13:32:26.626Z","duckhunt04.true.nl","136.144.189.96"\n"2020-02-28T13:32:27.626Z","duckhunt04.true.nl","136.144.189.96"\n"2020-02-28T13:32:28.626Z","duckhunt04.true.nl","136.144.189.96"\n"2020-02-28T13:32:28.626Z","duckhunt04.true.nl","136.144.189.96"\n"2020-02-28T13:32:22.799Z","duckhunt04.true.nl","85.114.130.92"\n"2020-02-28T13:32:22.799Z","duckhunt04.true.nl","85.114.130.92"\n"2020-02-28T13:32:22.799Z","duckhunt04.true.nl","85.114.130.92"\n"2020-02-28T13:32:22.799Z","duckhunt04.true.nl","85.114.130.92"\n"2020-02-28T13:32:22.799Z","duckhunt04.true.nl","85.114.130.92"\n"2020-02-28T13:32:22.799Z","duckhunt04.true.nl","85.114.130.92"\n"2020-02-28T13:32:22.799Z","duckhunt04.true.nl","85.114.130.92"\n"2020-02-28T13:32:22.799Z","duckhunt04.true.nl","85.114.130.92"\n"2020-02-28T13:32:22.799Z","duckhunt04.true.nl","85.114.130.92"\n"2020-02-28T13:32:22.799Z","duckhunt04.true.nl","85.114.130.92"\n"2020-02-28T13:32:22.799Z","duckhunt04.true.nl","85.114.130.92"\n"2020-02-28T13:32:22.799Z","duckhunt04.true.nl","85.114.130.92"\n"2020-02-28T13:32:22.799Z","duckhunt04.true.nl","85.114.130.92"\n"2020-02-28T13:32:22.799Z","duckhunt04.true.nl","85.114.130.92"\n"2020-02-28T13:32:22.799Z","duckhunt04.true.nl","85.114.130.92"\n"2020-02-28T13:32:22.799Z","duckhunt04.true.nl","85.114.130.92"\n"2020-02-28T13:32:22.799Z","duckhunt04.true.nl","85.114.130.92"\n"2020-02-28T13:32:23.799Z","duckhunt04.true.nl","85.114.130.92"\n"2020-02-28T13:32:23.799Z","duckhunt04.true.nl","85.114.130.92"\n"2020-02-28T13:32:23.799Z","duckhunt04.true.nl","85.114.130.92"\n"2020-02-28T13:32:23.799Z","duckhunt04.true.nl","85.114.130.92"\n"2020-02-28T13:32:23.799Z","duckhunt04.true.nl","85.114.130.92"\n"2020-02-28T13:32:23.799Z","duckhunt04.true.nl","85.114.130.92"\n"2020-02-28T13:32:23.799Z","duckhunt04.true.nl","85.114.130.92"\n"2020-02-28T13:32:23.799Z","duckhunt04.true.nl","85.114.130.92"\n"2020-02-28T13:32:23.799Z","duckhunt04.true.nl","85.114.130.92"\n"2020-02-28T13:32:23.799Z","duckhunt04.true.nl","85.114.130.92"\n"2020-02-28T13:32:23.799Z","duckhunt04.true.nl","85.114.130.92"\n"2020-02-28T13:32:23.799Z","duckhunt04.true.nl","85.114.130.92"\n"2020-02-28T13:32:23.799Z","duckhunt04.true.nl","85.114.130.92"\n"2020-02-28T13:32:23.799Z","duckhunt04.true.nl","85.114.130.92"\n"2020-02-28T13:32:23.799Z","duckhunt04.true.nl","85.114.130.92"\n"2020-02-28T13:32:22.799Z","duckhunt04.true.nl","85.114.130.92"\n"2020-02-28T13:32:23.799Z","duckhunt04.true.nl","85.114.130.92"\n"2020-02-28T13:32:22.418Z","duckhunt04.true.nl","127.0.0.1"\n"2020-02-28T13:32:24.418Z","duckhunt04.true.nl","127.0.0.1"\n"2020-02-28T13:32:24.418Z","duckhunt04.true.nl","85.146.226.34"\n"2020-02-28T13:32:25.418Z","duckhunt04.true.nl","127.0.0.1"\n"2020-02-28T13:32:27.419Z","duckhunt04.true.nl","127.0.0.1"\n"2020-02-28T13:32:29.420Z","duckhunt04.true.nl","85.146.226.34"\n"2020-02-28T13:32:30.420Z","duckhunt04.true.nl","127.0.0.1"\n"2020-02-28T13:32:31.420Z","duckhunt04.true.nl","213.125.101.3"\n"2020-02-28T13:32:31.420Z","duckhunt04.true.nl","213.125.101.3"\n"2020-02-28T13:32:31.420Z","duckhunt04.true.nl","127.0.0.1"\n"2020-02-28T13:32:30.420Z","duckhunt04.true.nl","127.0.0.1"\n"2020-02-28T13:32:30.420Z","duckhunt04.true.nl","37.153.198.57"\n"2020-02-28T13:32:28.227Z","duckhunt04.true.nl","62.238.253.165"\n"2020-02-28T13:32:28.227Z","duckhunt04.true.nl","62.238.253.165"\n'"timestamp","source","client"
"2020-02-28T13:32:54.985Z","duckhunt04.true.nl","127.0.0.1"
"2020-02-28T13:32:52.632Z","duckhunt04.true.nl","212.120.97.168"
"2020-02-28T13:32:52.632Z","duckhunt04.true.nl","127.0.0.1"
"2020-02-28T13:32:52.632Z","duckhunt04.true.nl","136.144.189.96"
"2020-02-28T13:32:52.632Z","duckhunt04.true.nl","157.55.39.107"
"2020-02-28T13:32:52.807Z","duckhunt04.true.nl","157.55.39.132"
"2020-02-28T13:32:59.808Z","duckhunt04.true.nl","46.118.121.248"
"2020-02-28T13:33:02.371Z","duckhunt04.true.nl","194.156.48.153"
"2020-02-28T13:32:53.427Z","duckhunt04.true.nl","93.117.201.33"
"2020-02-28T13:32:57.428Z","duckhunt04.true.nl","81.206.83.150"
"2020-02-28T13:32:57.428Z","duckhunt04.true.nl","127.0.0.1"
"2020-02-28T13:32:57.428Z","duckhunt04.true.nl","81.206.83.150"
"2020-02-28T13:32:58.429Z","duckhunt04.true.nl","127.0.0.1"
"2020-02-28T13:32:58.429Z","duckhunt04.true.nl","127.0.0.1"
"timestamp","source","client"
"2020-02-28T15:13:38.188Z","duckhunt04.true.nl","127.0.0.1"
"2020-02-28T15:13:46.189Z","duckhunt04.true.nl","127.0.0.1"
"2020-02-28T15:13:40.334Z","duckhunt04.true.nl","127.0.0.1"
"2020-02-28T15:13:43.334Z","duckhunt04.true.nl","127.0.0.1"
"2020-02-28T15:13:43.334Z","duckhunt04.true.nl","127.0.0.1"
"2020-02-28T15:13:37.727Z","duckhunt07.true.nl","94.111.87.147"
"2020-02-28T15:13:37.707Z","duckhunt05.true.nl","46.137.119.184"
"2020-02-28T15:13:37.708Z","duckhunt05.true.nl","46.137.119.184"
"2020-02-28T15:13:37.708Z","duckhunt05.true.nl","46.137.119.184"
"2020-02-28T15:13:37.708Z","duckhunt05.true.nl","46.137.119.184"
"2020-02-28T15:13:37.710Z","duckhunt05.true.nl","46.137.119.184"
"2020-02-28T15:13:37.710Z","duckhunt05.true.nl","46.137.119.184"
"2020-02-28T15:13:37.710Z","duckhunt05.true.nl","46.137.119.184"
"2020-02-28T15:13:37.710Z","duckhunt05.true.nl","46.137.119.184"
"2020-02-28T15:13:37.710Z","duckhunt05.true.nl","46.137.119.184"
"2020-02-28T15:13:37.711Z","duckhunt05.true.nl","46.137.119.184"
"2020-02-28T15:13:37.710Z","duckhunt05.true.nl","46.137.119.184"
"2020-02-28T15:13:37.711Z","duckhunt05.true.nl","46.137.119.184"
"2020-02-28T15:13:37.707Z","duckhunt05.true.nl","46.137.119.184"
"2020-02-28T15:13:37.711Z","duckhunt05.true.nl","46.137.119.184"
"2020-02-28T15:13:37.711Z","duckhunt05.true.nl","46.137.119.184"
"2020-02-28T15:13:37.711Z","duckhunt05.true.nl","46.137.119.184"
"2020-02-28T15:13:37.711Z","duckhunt05.true.nl","46.137.119.184"
"2020-02-28T15:13:37.712Z","duckhunt05.true.nl",
"2020-02-28T15:13:37.712Z","duckhunt05.true.nl","46.137.119.184"
"2020-02-28T15:13:37.712Z","duckhunt05.true.nl","46.137.119.184"
"2020-02-28T15:13:37.712Z","duckhunt05.true.nl","46.137.119.184"
"2020-02-28T15:13:37.713Z","duckhunt05.true.nl","46.137.119.184"
"2020-02-28T15:13:37.714Z","duckhunt05.true.nl","46.137.119.184"
"2020-02-28T15:13:37.714Z","duckhunt05.true.nl","46.137.119.184"
"2020-02-28T15:13:38.714Z","duckhunt05.true.nl","46.137.119.184"
"2020-02-28T15:13:37.708Z","duckhunt05.true.nl","46.137.119.184"
"2020-02-28T15:13:38.714Z","duckhunt05.true.nl","46.137.119.184"
"2020-02-28T15:13:38.714Z","duckhunt05.true.nl","46.137.119.184"
"2020-02-28T15:13:37.711Z","duckhunt05.true.nl","46.137.119.184"
"2020-02-28T15:13:38.715Z","duckhunt05.true.nl","46.137.119.184"
"2020-02-28T15:13:38.715Z","duckhunt05.true.nl","46.137.119.184"
"2020-02-28T15:13:38.715Z","duckhunt05.true.nl","46.137.119.184"
"2020-02-28T15:13:38.714Z","duckhunt05.true.nl","46.137.119.184"
"2020-02-28T15:13:38.715Z","duckhunt05.true.nl","46.137.119.184"
"2020-02-28T15:13:38.715Z","duckhunt05.true.nl","46.137.119.184"
"2020-02-28T15:13:38.715Z","duckhunt05.true.nl","46.137.119.184"
"2020-02-28T15:13:38.715Z","duckhunt05.true.nl","46.137.119.184"
"2020-02-28T15:13:38.715Z","duckhunt05.true.nl","46.137.119.184"
"2020-02-28T15:13:38.716Z","duckhunt05.true.nl","46.137.119.184"
"2020-02-28T15:13:38.716Z","duckhunt05.true.nl","46.137.119.184"
"2020-02-28T15:13:38.715Z","duckhunt05.true.nl","46.137.119.184"
"2020-02-28T15:13:38.716Z","duckhunt05.true.nl","46.137.119.184"
"2020-02-28T15:13:38.716Z","duckhunt05.true.nl","46.137.119.184"
"2020-02-28T15:13:38.716Z","duckhunt05.true.nl","46.137.119.184"
"2020-02-28T15:13:38.716Z","duckhunt05.true.nl","46.137.119.184"
"2020-02-28T15:13:38.716Z","duckhunt05.true.nl","46.137.119.184"
"2020-02-28T15:13:38.716Z","duckhunt05.true.nl","86.88.145.55"
"2020-02-28T15:13:38.717Z","duckhunt05.true.nl","46.137.119.184"
"2020-02-28T15:13:38.717Z","duckhunt05.true.nl","46.137.119.184"
"2020-02-28T15:13:38.717Z","duckhunt05.true.nl","46.137.119.184"
"2020-02-28T15:13:38.717Z","duckhunt05.true.nl","46.137.119.184"
"2020-02-28T15:13:39.717Z","duckhunt05.true.nl","46.137.119.184"
"2020-02-28T15:13:39.718Z","duckhunt05.true.nl","46.137.119.184"
"2020-02-28T15:13:39.718Z","duckhunt05.true.nl","46.137.119.184"
"2020-02-28T15:13:39.718Z","duckhunt05.true.nl","46.137.119.184"
"2020-02-28T15:13:38.716Z","duckhunt05.true.nl","46.137.119.184"
"2020-02-28T15:13:39.719Z","duckhunt05.true.nl","46.137.119.184"
"2020-02-28T15:13:39.720Z","duckhunt05.true.nl","46.137.119.184"
"2020-02-28T15:13:39.720Z","duckhunt05.true.nl","46.137.119.184"
"2020-02-28T15:13:39.720Z","duckhunt05.true.nl","46.137.119.184"
"2020-02-28T15:13:39.720Z","duckhunt05.true.nl","46.137.119.184"
"2020-02-28T15:13:39.720Z","duckhunt05.true.nl","46.137.119.184"
"2020-02-28T15:13:39.721Z","duckhunt05.true.nl","46.137.119.184"
"2020-02-28T15:13:39.720Z","duckhunt05.true.nl","46.137.119.184"
"2020-02-28T15:13:39.721Z","duckhunt05.true.nl","46.137.119.184"
"2020-02-28T15:13:39.721Z","duckhunt05.true.nl","46.137.119.184"
"2020-02-28T15:13:39.720Z","duckhunt05.true.nl","46.137.119.184"
"2020-02-28T15:13:39.721Z","duckhunt05.true.nl","46.137.119.184"
"2020-02-28T15:13:39.720Z","duckhunt05.true.nl","46.137.119.184"
"2020-02-28T15:13:39.721Z","duckhunt05.true.nl","46.137.119.184"
"2020-02-28T15:13:39.721Z","duckhunt05.true.nl","46.137.119.184"
"2020-02-28T15:13:39.718Z","duckhunt05.true.nl","46.137.119.184"
"2020-02-28T15:13:39.721Z","duckhunt05.true.nl",
"2020-02-28T15:13:39.721Z","duckhunt05.true.nl","46.137.119.184"
"2020-02-28T15:13:39.722Z","duckhunt05.true.nl","46.137.119.184"
"2020-02-28T15:13:40.724Z","duckhunt05.true.nl","46.137.119.184"
"2020-02-28T15:13:40.724Z","duckhunt05.true.nl","46.137.119.184"
"2020-02-28T15:13:40.724Z","duckhunt05.true.nl","46.137.119.184"
"2020-02-28T15:13:40.724Z","duckhunt05.true.nl","46.137.119.184"
"2020-02-28T15:13:40.724Z","duckhunt05.true.nl","46.137.119.184"
"2020-02-28T15:13:40.725Z","duckhunt05.true.nl","46.137.119.184"
"2020-02-28T15:13:40.725Z","duckhunt05.true.nl","46.137.119.184"
"2020-02-28T15:13:40.725Z","duckhunt05.true.nl","46.137.119.184"
"2020-02-28T15:13:40.726Z","duckhunt05.true.nl","46.137.119.184"
"2020-02-28T15:13:39.722Z","duckhunt05.true.nl","46.137.119.184"
"2020-02-28T15:13:40.726Z","duckhunt05.true.nl","46.137.119.184"
"2020-02-28T15:13:40.726Z","duckhunt05.true.nl","46.137.119.184"
"2020-02-28T15:13:40.729Z","duckhunt05.true.nl","46.137.119.184"
"2020-02-28T15:13:40.728Z","duckhunt05.true.nl","46.137.119.184"
"2020-02-28T15:13:40.729Z","duckhunt05.true.nl","46.137.119.184"
"2020-02-28T15:13:39.721Z","duckhunt05.true.nl","46.137.119.184"
"2020-02-28T15:13:40.729Z","duckhunt05.true.nl","46.137.119.184"
"2020-02-28T15:13:40.729Z","duckhunt05.true.nl","46.137.119.184"
"2020-02-28T15:13:40.729Z","duckhunt05.true.nl","46.137.119.184"
"2020-02-28T15:13:40.729Z","duckhunt05.true.nl","46.137.119.184"
"2020-02-28T15:13:40.729Z","duckhunt05.true.nl","46.137.119.184"
"2020-02-28T15:13:40.730Z","duckhunt05.true.nl","46.137.119.184"
"2020-02-28T15:13:40.730Z","duckhunt05.true.nl","46.137.119.184"
"2020-02-28T15:13:40.730Z","duckhunt05.true.nl","46.137.119.184"
"2020-02-28T15:13:40.730Z","duckhunt05.true.nl","46.137.119.184"
"2020-02-28T15:13:40.730Z","duckhunt05.true.nl","46.137.119.184"
"2020-02-28T15:13:39.722Z","duckhunt05.true.nl","46.137.119.184"
"2020-02-28T15:13:41.731Z","duckhunt05.true.nl","46.137.119.184"
"2020-02-28T15:13:41.731Z","duckhunt05.true.nl","46.137.119.184"
"2020-02-28T15:13:41.733Z","duckhunt05.true.nl","46.137.119.184"
"2020-02-28T15:13:40.726Z","duckhunt05.true.nl","46.137.119.184"
"2020-02-28T15:13:41.734Z","duckhunt05.true.nl","46.137.119.184"
"2020-02-28T15:13:41.734Z","duckhunt05.true.nl","46.137.119.184"
"2020-02-28T15:13:41.734Z","duckhunt05.true.nl","46.137.119.184"
"2020-02-28T15:13:41.734Z","duckhunt05.true.nl","46.137.119.184"
"2020-02-28T15:13:41.733Z","duckhunt05.true.nl","46.137.119.184"
"2020-02-28T15:13:41.735Z","duckhunt05.true.nl","46.137.119.184"
"2020-02-28T15:13:41.735Z","duckhunt05.true.nl","46.137.119.184"
"2020-02-28T15:13:41.735Z","duckhunt05.true.nl","46.137.119.184"
"2020-02-28T15:13:41.735Z","duckhunt05.true.nl","46.137.119.184"
"2020-02-28T15:13:41.734Z","duckhunt05.true.nl","46.137.119.184"
"2020-02-28T15:13:41.734Z","duckhunt05.true.nl","46.137.119.184"
"2020-02-28T15:13:41.737Z","duckhunt05.true.nl","46.137.119.184"
"2020-02-28T15:13:41.737Z","duckhunt05.true.nl","46.137.119.184"
"2020-02-28T15:13:41.737Z","duckhunt05.true.nl","46.137.119.184"
"2020-02-28T15:13:41.735Z","duckhunt05.true.nl","46.137.119.184"
"2020-02-28T15:13:41.735Z","duckhunt05.true.nl","46.137.119.184"
"2020-02-28T15:13:41.738Z","duckhunt05.true.nl","46.137.119.184"
"2020-02-28T15:13:41.738Z","duckhunt05.true.nl","46.137.119.184"
"2020-02-28T15:13:41.738Z","duckhunt05.true.nl","46.137.119.184"
"2020-02-28T15:13:41.738Z","duckhunt05.true.nl","46.137.119.184"
"2020-02-28T15:13:42.738Z","duckhunt05.true.nl","46.137.119.184"
"2020-02-28T15:13:42.738Z","duckhunt05.true.nl","46.137.119.184"
"2020-02-28T15:13:41.735Z","duckhunt05.true.nl","46.137.119.184"
"2020-02-28T15:13:41.735Z","duckhunt05.true.nl","46.137.119.184"
"2020-02-28T15:13:42.740Z","duckhunt05.true.nl","46.137.119.184"
"2020-02-28T15:13:42.740Z","duckhunt05.true.nl",
"2020-02-28T15:13:42.741Z","duckhunt05.true.nl","46.137.119.184"
"2020-02-28T15:13:42.741Z","duckhunt05.true.nl","46.137.119.184"
"2020-02-28T15:13:42.741Z","duckhunt05.true.nl","46.137.119.184"
"2020-02-28T15:13:42.741Z","duckhunt05.true.nl",
"2020-02-28T15:13:42.741Z","duckhunt05.true.nl","46.137.119.184"
"2020-02-28T15:13:42.741Z","duckhunt05.true.nl","46.137.119.184"
"2020-02-28T15:13:42.741Z","duckhunt05.true.nl","83.162.204.229"
"2020-02-28T15:13:42.742Z","duckhunt05.true.nl","46.137.119.184"
"2020-02-28T15:13:42.742Z","duckhunt05.true.nl","46.137.119.184"
"2020-02-28T15:13:42.742Z","duckhunt05.true.nl","46.137.119.184"
"2020-02-28T15:13:42.742Z","duckhunt05.true.nl",
"2020-02-28T15:13:42.742Z","duckhunt05.true.nl","46.137.119.184"
"2020-02-28T15:13:42.739Z","duckhunt05.true.nl","46.137.119.184"
"2020-02-28T15:13:42.739Z","duckhunt05.true.nl","46.137.119.184"
"2020-02-28T15:13:42.742Z","duckhunt05.true.nl","94.211.62.100"
"2020-02-28T15:13:42.742Z","duckhunt05.true.nl","46.137.119.184"
"2020-02-28T15:13:42.742Z","duckhunt05.true.nl","46.137.119.184"
"2020-02-28T15:13:42.742Z","duckhunt05.true.nl",
"2020-02-28T15:13:42.742Z","duckhunt05.true.nl","84.198.1.62"
"2020-02-28T15:13:42.742Z","duckhunt05.true.nl","46.137.119.184"
"2020-02-28T15:13:42.742Z","duckhunt05.true.nl","46.137.119.184"
"2020-02-28T15:13:42.743Z","duckhunt05.true.nl","46.137.119.184"
"2020-02-28T15:13:42.743Z","duckhunt05.true.nl","46.137.119.184"
"2020-02-28T15:13:42.743Z","duckhunt05.true.nl","188.120.35.198"
"2020-02-28T15:13:42.742Z","duckhunt05.true.nl","127.0.0.1"
"2020-02-28T15:13:42.742Z","duckhunt05.true.nl","46.137.119.184"
"2020-02-28T15:13:42.743Z","duckhunt05.true.nl","46.137.119.184"
"2020-02-28T15:13:42.743Z","duckhunt05.true.nl",
"2020-02-28T15:13:42.743Z","duckhunt05.true.nl","46.137.119.184"
"2020-02-28T15:13:43.743Z","duckhunt05.true.nl",
"2020-02-28T15:13:43.743Z","duckhunt05.true.nl","46.137.119.184"
"2020-02-28T15:13:43.743Z","duckhunt05.true.nl","46.137.119.184"
"2020-02-28T15:13:42.743Z","duckhunt05.true.nl","46.137.119.184"
"2020-02-28T15:13:43.745Z","duckhunt05.true.nl",
"2020-02-28T15:13:43.745Z","duckhunt05.true.nl","46.137.119.184"
"2020-02-28T15:13:43.746Z","duckhunt05.true.nl","46.137.119.184"
"2020-02-28T15:13:43.745Z","duckhunt05.true.nl","188.120.35.198"
"2020-02-28T15:13:43.746Z","duckhunt05.true.nl","46.137.119.184"
"2020-02-28T15:13:43.746Z","duckhunt05.true.nl",
"2020-02-28T15:13:43.746Z","duckhunt05.true.nl","46.137.119.184"
"2020-02-28T15:13:43.745Z","duckhunt05.true.nl","46.137.119.184"
"2020-02-28T15:13:43.746Z","duckhunt05.true.nl","46.137.119.184"
"2020-02-28T15:13:43.746Z","duckhunt05.true.nl","46.137.119.184"
"2020-02-28T15:13:43.747Z","duckhunt05.true.nl","46.137.119.184"
"2020-02-28T15:13:43.747Z","duckhunt05.true.nl","46.137.119.184"
"2020-02-28T15:13:43.747Z","duckhunt05.true.nl","188.120.35.198"
"2020-02-28T15:13:43.747Z","duckhunt05.true.nl","188.120.35.198"
"2020-02-28T15:13:43.746Z","duckhunt05.true.nl","46.137.119.184"
"2020-02-28T15:13:42.743Z","duckhunt05.true.nl","46.137.119.184"
"2020-02-28T15:13:43.747Z","duckhunt05.true.nl",
"2020-02-28T15:13:43.747Z","duckhunt05.true.nl","46.137.119.184"
"2020-02-28T15:13:43.747Z","duckhunt05.true.nl","46.137.119.184"
"2020-02-28T15:13:43.747Z","duckhunt05.true.nl","46.137.119.184"
"2020-02-28T15:13:43.747Z","duckhunt05.true.nl","46.137.119.184"
"2020-02-28T15:13:43.747Z","duckhunt05.true.nl",
"2020-02-28T15:13:43.747Z","duckhunt05.true.nl","188.120.35.198"
"2020-02-28T15:13:43.748Z","duckhunt05.true.nl","46.137.119.184"
"2020-02-28T15:13:43.748Z","duckhunt05.true.nl","46.137.119.184"
"2020-02-28T15:13:43.747Z","duckhunt05.true.nl","46.137.119.184"
"2020-02-28T15:13:43.748Z","duckhunt05.true.nl","46.137.119.184"
"2020-02-28T15:13:43.748Z","duckhunt05.true.nl",
"2020-02-28T15:13:43.748Z","duckhunt05.true.nl","46.137.119.184"
"2020-02-28T15:13:43.747Z","duckhunt05.true.nl","46.137.119.184"
"2020-02-28T15:13:43.748Z","duckhunt05.true.nl","46.137.119.184"
"2020-02-28T15:13:43.748Z","duckhunt05.true.nl","46.137.119.184"
"2020-02-28T15:13:43.749Z","duckhunt05.true.nl","46.137.119.184"
"2020-02-28T15:13:43.747Z","duckhunt05.true.nl","46.137.119.184"
"2020-02-28T15:13:44.749Z","duckhunt05.true.nl","46.137.119.184"
"2020-02-28T15:13:43.748Z","duckhunt05.true.nl","46.137.119.184"
"2020-02-28T15:13:44.749Z","duckhunt05.true.nl","46.137.119.184"
"2020-02-28T15:13:43.748Z","duckhunt05.true.nl","46.137.119.184"
"2020-02-28T15:13:44.749Z","duckhunt05.true.nl","46.137.119.184"
"2020-02-28T15:13:44.750Z","duckhunt05.true.nl","46.137.119.184"
"2020-02-28T15:13:44.750Z","duckhunt05.true.nl","83.162.204.229"
"2020-02-28T15:13:44.750Z","duckhunt05.true.nl","46.137.119.184"
"2020-02-28T15:13:44.750Z","duckhunt05.true.nl","46.137.119.184"
"2020-02-28T15:13:44.750Z","duckhunt05.true.nl","46.137.119.184"
"2020-02-28T15:13:44.750Z","duckhunt05.true.nl","46.137.119.184"
"2020-02-28T15:13:44.750Z","duckhunt05.true.nl","46.137.119.184"
"2020-02-28T15:13:44.751Z","duckhunt05.true.nl",
"2020-02-28T15:13:44.751Z","duckhunt05.true.nl","46.137.119.184"
"2020-02-28T15:13:44.749Z","duckhunt05.true.nl","46.137.119.184"
"2020-02-28T15:13:44.749Z","duckhunt05.true.nl","46.137.119.184"
"2020-02-28T15:13:44.751Z","duckhunt05.true.nl","83.162.204.229"
"2020-02-28T15:13:44.751Z","duckhunt05.true.nl",
"2020-02-28T15:13:44.751Z","duckhunt05.true.nl","46.137.119.184"
"2020-02-28T15:13:44.751Z","duckhunt05.true.nl","46.137.119.184"
"2020-02-28T15:13:44.751Z","duckhunt05.true.nl","83.80.216.229"
"2020-02-28T15:13:44.751Z","duckhunt05.true.nl","127.0.0.1"
"2020-02-28T15:13:44.751Z","duckhunt05.true.nl","46.137.119.184"
"2020-02-28T15:13:44.751Z","duckhunt05.true.nl","46.137.119.184"
"2020-02-28T15:13:44.751Z","duckhunt05.true.nl","46.137.119.184"
"2020-02-28T15:13:44.752Z","duckhunt05.true.nl","46.137.119.184"
"2020-02-28T15:13:44.751Z","duckhunt05.true.nl","46.137.119.184"
"2020-02-28T15:13:44.751Z","duckhunt05.true.nl","46.137.119.184"
"2020-02-28T15:13:44.754Z","duckhunt05.true.nl","46.137.119.184"
"2020-02-28T15:13:44.754Z","duckhunt05.true.nl","46.137.119.184"
"2020-02-28T15:13:44.754Z","duckhunt05.true.nl","46.137.119.184"
"2020-02-28T15:13:44.754Z","duckhunt05.true.nl","46.137.119.184"
"2020-02-28T15:13:44.754Z","duckhunt05.true.nl",
"2020-02-28T15:13:44.754Z","duckhunt05.true.nl","83.80.216.229"
"2020-02-28T15:13:44.754Z","duckhunt05.true.nl","46.137.119.184"
"2020-02-28T15:13:44.754Z","duckhunt05.true.nl",
"2020-02-28T15:13:44.755Z","duckhunt05.true.nl",
"2020-02-28T15:13:44.754Z","duckhunt05.true.nl","127.0.0.1"
"2020-02-28T15:13:44.755Z","duckhunt05.true.nl","46.137.119.184"
"2020-02-28T15:13:44.755Z","duckhunt05.true.nl","46.137.119.184"
"2020-02-28T15:13:45.755Z","duckhunt05.true.nl","83.80.216.229"
"2020-02-28T15:13:45.756Z","duckhunt05.true.nl","46.137.119.184"
"2020-02-28T15:13:45.756Z","duckhunt05.true.nl","94.211.198.20"
"2020-02-28T15:13:45.756Z","duckhunt05.true.nl","94.211.198.20"
"2020-02-28T15:13:45.756Z","duckhunt05.true.nl","94.211.198.20"
"2020-02-28T15:13:45.756Z","duckhunt05.true.nl","94.211.198.20"
"2020-02-28T15:13:44.752Z","duckhunt05.true.nl","46.137.119.184"
"2020-02-28T15:13:44.751Z","duckhunt05.true.nl","46.137.119.184"
"2020-02-28T15:13:45.757Z","duckhunt05.true.nl","46.137.119.184"
"2020-02-28T15:13:45.757Z","duckhunt05.true.nl","127.0.0.1"
"2020-02-28T15:13:45.756Z","duckhunt05.true.nl",
"2020-02-28T15:13:45.757Z","duckhunt05.true.nl",
"2020-02-28T15:13:45.757Z","duckhunt05.true.nl","46.137.119.184"
"2020-02-28T15:13:45.759Z","duckhunt05.true.nl","46.137.119.184"
"2020-02-28T15:13:45.759Z","duckhunt05.true.nl",
"2020-02-28T15:13:45.759Z","duckhunt05.true.nl",
"2020-02-28T15:13:45.759Z","duckhunt05.true.nl","46.137.119.184"
"2020-02-28T15:13:45.759Z","duckhunt05.true.nl","46.137.119.184"
"2020-02-28T15:13:45.760Z","duckhunt05.true.nl","46.137.119.184"
"2020-02-28T15:13:45.760Z","duckhunt05.true.nl",
"2020-02-28T15:13:45.760Z","duckhunt05.true.nl","46.137.119.184"
"2020-02-28T15:13:45.760Z","duckhunt05.true.nl",
"2020-02-28T15:13:45.760Z","duckhunt05.true.nl","46.137.119.184"
"2020-02-28T15:13:45.760Z","duckhunt05.true.nl",
"2020-02-28T15:13:45.760Z","duckhunt05.true.nl",
"2020-02-28T15:13:44.752Z","duckhunt05.true.nl","46.137.119.184"
"2020-02-28T15:13:45.761Z","duckhunt05.true.nl","46.137.119.184"
"2020-02-28T15:13:45.761Z","duckhunt05.true.nl",
"2020-02-28T15:13:46.761Z","duckhunt05.true.nl","46.137.119.184"
"2020-02-28T15:13:46.761Z","duckhunt05.true.nl","46.137.119.184"
"2020-02-28T15:13:46.761Z","duckhunt05.true.nl",
"2020-02-28T15:13:46.763Z","duckhunt05.true.nl","46.137.119.184"
"2020-02-28T15:13:46.764Z","duckhunt05.true.nl","46.137.119.184"
"2020-02-28T15:13:46.764Z","duckhunt05.true.nl",
"2020-02-28T15:13:46.764Z","duckhunt05.true.nl","46.137.119.184"
"2020-02-28T15:13:46.764Z","duckhunt05.true.nl","46.137.119.184"
"2020-02-28T15:13:46.765Z","duckhunt05.true.nl",
"2020-02-28T15:13:46.765Z","duckhunt05.true.nl","46.137.119.184"
"2020-02-28T15:13:46.765Z","duckhunt05.true.nl","46.137.119.184"
"2020-02-28T15:13:45.760Z","duckhunt05.true.nl","46.137.119.184"
"2020-02-28T15:13:46.765Z","duckhunt05.true.nl","46.137.119.184"
"2020-02-28T15:13:46.765Z","duckhunt05.true.nl","46.137.119.184"
"2020-02-28T15:13:45.756Z","duckhunt05.true.nl","46.137.119.184"
"2020-02-28T15:13:37.727Z","duckhunt07.true.nl","94.111.87.147"
"timestamp","source","client"
"2020-04-07T09:21:41.464Z","duckhunt04.true.nl",
"2020-04-07T09:21:43.571Z","duckhunt04.true.nl","157.55.39.52"
"2020-04-07T09:21:42.570Z","duckhunt04.true.nl","136.144.189.96"
"2020-04-07T09:21:43.571Z","duckhunt04.true.nl","136.144.189.96"
"2020-04-07T09:21:40.827Z","duckhunt04.true.nl","213.127.12.198"
"2020-04-07T09:21:40.827Z","duckhunt04.true.nl","127.0.0.1"
"2020-04-07T09:21:40.827Z","duckhunt04.true.nl","84.53.100.50"
"2020-04-07T09:21:40.827Z","duckhunt04.true.nl","84.53.100.50"
"2020-04-07T09:21:40.827Z","duckhunt04.true.nl","84.53.100.50"
"2020-04-07T09:21:41.827Z","duckhunt04.true.nl","84.26.255.22"
"2020-04-07T09:21:41.827Z","duckhunt04.true.nl","84.53.100.50"
"2020-04-07T09:21:41.827Z","duckhunt04.true.nl","127.0.0.1"
"2020-04-07T09:21:42.828Z","duckhunt04.true.nl","84.53.100.50"
"2020-04-07T09:21:42.828Z","duckhunt04.true.nl","84.53.100.50"
"2020-04-07T09:21:43.828Z","duckhunt04.true.nl","84.53.100.50"
"2020-04-07T09:21:43.828Z","duckhunt04.true.nl","84.53.100.50"
"2020-04-07T09:21:43.193Z","duckhunt04.true.nl","82.151.32.181"
"2020-04-07T09:21:43.193Z","duckhunt04.true.nl","127.0.0.1"
"2020-04-07T09:21:47.253Z","duckhunt04.true.nl","208.91.109.90"
"2020-04-07T09:21:42.544Z","duckhunt04.true.nl","134.209.92.74"
"2020-04-07T09:21:44.108Z","duckhunt04.true.nl",
"2020-04-07T09:21:44.108Z","duckhunt04.true.nl",
"2020-04-07T09:21:47.237Z","duckhunt04.true.nl","127.0.0.1"
"2020-04-07T09:21:48.237Z","duckhunt04.true.nl","127.0.0.1"
"2020-04-07T09:21:43.365Z","duckhunt04.true.nl","52.29.157.54"
"2020-04-07T09:21:45.366Z","duckhunt04.true.nl","5.39.168.189"
"2020-04-07T09:21:45.366Z","duckhunt04.true.nl","5.39.168.189"
"2020-04-07T09:21:45.366Z","duckhunt04.true.nl","5.39.168.189"
"2020-04-07T09:21:45.366Z","duckhunt04.true.nl","5.39.168.189"
"2020-04-07T09:21:45.366Z","duckhunt04.true.nl","5.39.168.189"
"2020-04-07T09:21:45.366Z","duckhunt04.true.nl","5.39.168.189"
"2020-04-07T09:21:45.366Z","duckhunt04.true.nl","5.39.168.189"
"2020-04-07T09:21:45.366Z","duckhunt04.true.nl","5.39.168.189"
"2020-04-07T09:21:45.366Z","duckhunt04.true.nl","5.39.168.189"
"2020-04-07T09:21:45.366Z","duckhunt04.true.nl","5.39.168.189"
"2020-04-07T09:21:45.366Z","duckhunt04.true.nl","5.39.168.189"
"2020-04-07T09:21:45.366Z","duckhunt04.true.nl","5.39.168.189"
"2020-04-07T09:21:45.366Z","duckhunt04.true.nl","5.39.168.189"
"2020-04-07T09:21:45.366Z","duckhunt04.true.nl","5.39.168.189"
"2020-04-07T09:21:45.366Z","duckhunt04.true.nl","5.39.168.189"
"2020-04-07T09:21:45.366Z","duckhunt04.true.nl","5.39.168.189"
"2020-04-07T09:21:49.366Z","duckhunt04.true.nl","5.39.168.189"
"2020-04-07T09:21:49.366Z","duckhunt04.true.nl","5.39.168.189"
"2020-04-07T09:21:44.072Z","duckhunt04.true.nl","51.89.64.18"
"2020-04-07T09:21:44.072Z","duckhunt04.true.nl","51.89.64.18"
"2020-04-07T09:21:44.072Z","duckhunt04.true.nl","81.17.20.10"
"2020-04-07T09:21:42.419Z","duckhunt04.true.nl","127.0.0.1"
"2020-04-07T09:21:42.419Z","duckhunt04.true.nl","85.145.105.37"
"2020-04-07T09:21:42.419Z","duckhunt04.true.nl","84.107.211.151"
"2020-04-07T09:21:43.420Z","duckhunt04.true.nl","89.99.26.48"
"2020-04-07T09:21:43.420Z","duckhunt04.true.nl","89.99.26.48"
"2020-04-07T09:21:44.422Z","duckhunt04.true.nl","94.209.66.18"
"2020-04-07T09:21:45.422Z","duckhunt04.true.nl","127.0.0.1"
"2020-04-07T09:21:45.422Z","duckhunt04.true.nl","83.86.76.155"
"2020-04-07T09:21:45.423Z","duckhunt04.true.nl","127.0.0.1"
"2020-04-07T09:21:49.426Z","duckhunt04.true.nl","185.171.130.241"
"2020-04-07T09:21:40.434Z","duckhunt07.true.nl","86.86.75.24"
"2020-04-07T09:21:40.435Z","duckhunt07.true.nl","84.80.236.247"
"2020-04-07T09:21:40.435Z","duckhunt07.true.nl","127.0.0.1"
"2020-04-07T09:21:41.437Z","duckhunt07.true.nl","84.85.203.130"
"2020-04-07T09:21:41.437Z","duckhunt07.true.nl","84.85.203.130"
"timestamp","source","client"
"2020-04-07T09:21:57.601Z","duckhunt04.true.nl","212.178.122.194"
"2020-04-07T09:21:57.601Z","duckhunt04.true.nl","212.178.122.194"
"2020-04-07T09:21:57.601Z","duckhunt04.true.nl","212.178.122.194"
"2020-04-07T09:21:57.574Z","duckhunt04.true.nl","207.46.13.177"
"2020-04-07T09:22:00.575Z","duckhunt04.true.nl","136.144.189.96"
"2020-04-07T09:22:02.575Z","duckhunt04.true.nl","136.144.189.96"
"2020-04-07T09:21:59.206Z","duckhunt04.true.nl",
"2020-04-07T09:22:00.368Z","duckhunt04.true.nl","5.39.168.189"
"2020-04-07T09:22:03.368Z","duckhunt04.true.nl","5.39.168.189"
"2020-04-07T09:22:03.368Z","duckhunt04.true.nl","5.39.168.189"
"2020-04-07T09:22:03.368Z","duckhunt04.true.nl","5.39.168.189"
"2020-04-07T09:21:57.434Z","duckhunt04.true.nl","82.161.213.157"
"2020-04-07T09:21:57.434Z","duckhunt04.true.nl","127.0.0.1"
"2020-04-07T09:21:57.434Z","duckhunt04.true.nl","127.0.0.1"
"2020-04-07T09:21:57.434Z","duckhunt04.true.nl","84.30.42.82"
"2020-04-07T09:21:58.435Z","duckhunt04.true.nl","127.0.0.1"
"2020-04-07T09:22:00.437Z","duckhunt04.true.nl","213.127.66.204"
"2020-04-07T09:22:00.437Z","duckhunt04.true.nl","127.0.0.1"
"2020-04-07T09:22:01.438Z","duckhunt04.true.nl","85.148.38.222"
"2020-04-07T09:22:01.438Z","duckhunt04.true.nl","127.0.0.1"
"2020-04-07T09:22:03.440Z","duckhunt04.true.nl","163.158.213.4"
"2020-04-07T09:22:04.443Z","duckhunt04.true.nl","127.0.0.1"
"2020-04-07T09:22:04.443Z","duckhunt04.true.nl","31.201.85.105"
"2020-04-07T09:22:04.443Z","duckhunt04.true.nl","127.0.0.1"
"2020-04-07T09:22:05.444Z","duckhunt04.true.nl","31.201.85.105"
"2020-04-07T09:22:05.444Z","duckhunt04.true.nl","127.0.0.1"
"2020-04-07T09:22:05.444Z","duckhunt04.true.nl","31.201.85.105"
"2020-04-07T09:22:05.444Z","duckhunt04.true.nl","127.0.0.1"
"2020-04-07T09:22:05.444Z","duckhunt04.true.nl","127.0.0.1"
"2020-04-07T09:22:05.444Z","duckhunt04.true.nl","84.25.142.205"
"2020-04-07T09:22:06.445Z","duckhunt04.true.nl","31.201.85.105"
"2020-04-07T09:22:06.445Z","duckhunt04.true.nl","127.0.0.1"
"timestamp","source","client"
"2020-04-07T09:22:07.484Z","duckhunt04.true.nl","192.166.96.99"
"2020-04-07T09:22:00.575Z","duckhunt04.true.nl","136.144.189.96"
"2020-04-07T09:22:02.575Z","duckhunt04.true.nl","136.144.189.96"
"2020-04-07T09:21:59.206Z","duckhunt04.true.nl",
"2020-04-07T09:22:07.239Z","duckhunt04.true.nl","127.0.0.1"
"2020-04-07T09:22:00.368Z","duckhunt04.true.nl","5.39.168.189"
"2020-04-07T09:22:03.368Z","duckhunt04.true.nl","5.39.168.189"
"2020-04-07T09:22:03.368Z","duckhunt04.true.nl","5.39.168.189"
"2020-04-07T09:22:03.368Z","duckhunt04.true.nl","5.39.168.189"
"2020-04-07T09:21:58.435Z","duckhunt04.true.nl","127.0.0.1"
"2020-04-07T09:22:00.437Z","duckhunt04.true.nl","213.127.66.204"
"2020-04-07T09:22:00.437Z","duckhunt04.true.nl","127.0.0.1"
"2020-04-07T09:22:01.438Z","duckhunt04.true.nl","85.148.38.222"
"2020-04-07T09:22:01.438Z","duckhunt04.true.nl","127.0.0.1"
"2020-04-07T09:22:03.440Z","duckhunt04.true.nl","163.158.213.4"
"2020-04-07T09:22:04.443Z","duckhunt04.true.nl","127.0.0.1"
"2020-04-07T09:22:04.443Z","duckhunt04.true.nl","31.201.85.105"
"2020-04-07T09:22:04.443Z","duckhunt04.true.nl","127.0.0.1"
"2020-04-07T09:22:05.444Z","duckhunt04.true.nl","31.201.85.105"
"2020-04-07T09:22:05.444Z","duckhunt04.true.nl","127.0.0.1"
"2020-04-07T09:22:05.444Z","duckhunt04.true.nl","31.201.85.105"
"2020-04-07T09:22:05.444Z","duckhunt04.true.nl","127.0.0.1"
"2020-04-07T09:22:05.444Z","duckhunt04.true.nl","127.0.0.1"
"2020-04-07T09:22:05.444Z","duckhunt04.true.nl","84.25.142.205"
"2020-04-07T09:22:06.445Z","duckhunt04.true.nl","31.201.85.105"
"2020-04-07T09:22:06.445Z","duckhunt04.true.nl","127.0.0.1"
"timestamp","source","client"
"2020-04-07T09:22:07.484Z","duckhunt04.true.nl","192.166.96.99"
"2020-04-07T09:22:08.484Z","duckhunt04.true.nl","192.166.96.99"
"2020-04-07T09:22:08.484Z","duckhunt04.true.nl","192.166.96.99"
"2020-04-07T09:22:02.575Z","duckhunt04.true.nl","136.144.189.96"
"2020-04-07T09:22:01.833Z","duckhunt04.true.nl","127.0.0.1"
"2020-04-07T09:22:01.833Z","duckhunt04.true.nl","87.251.42.239"
"2020-04-07T09:22:09.214Z","duckhunt04.true.nl","194.171.121.48"
"2020-04-07T09:22:08.240Z","duckhunt04.true.nl","127.0.0.1"
"2020-04-07T09:22:07.239Z","duckhunt04.true.nl","127.0.0.1"
"2020-04-07T09:22:03.368Z","duckhunt04.true.nl","5.39.168.189"
"2020-04-07T09:22:03.368Z","duckhunt04.true.nl","5.39.168.189"
"2020-04-07T09:22:03.368Z","duckhunt04.true.nl","5.39.168.189"
"2020-04-07T09:22:01.438Z","duckhunt04.true.nl","85.148.38.222"
"2020-04-07T09:22:01.438Z","duckhunt04.true.nl","127.0.0.1"
"2020-04-07T09:22:03.440Z","duckhunt04.true.nl","163.158.213.4"
"2020-04-07T09:22:04.443Z","duckhunt04.true.nl","127.0.0.1"
"2020-04-07T09:22:04.443Z","duckhunt04.true.nl","31.201.85.105"
"2020-04-07T09:22:04.443Z","duckhunt04.true.nl","127.0.0.1"
"2020-04-07T09:22:05.444Z","duckhunt04.true.nl","31.201.85.105"
"2020-04-07T09:22:05.444Z","duckhunt04.true.nl","127.0.0.1"
"2020-04-07T09:22:05.444Z","duckhunt04.true.nl","31.201.85.105"
"2020-04-07T09:22:05.444Z","duckhunt04.true.nl","127.0.0.1"
"2020-04-07T09:22:05.444Z","duckhunt04.true.nl","127.0.0.1"
"2020-04-07T09:22:05.444Z","duckhunt04.true.nl","84.25.142.205"
"2020-04-07T09:22:06.445Z","duckhunt04.true.nl","31.201.85.105"
"2020-04-07T09:22:06.445Z","duckhunt04.true.nl","127.0.0.1"
"2020-04-07T09:22:10.310Z","duckhunt04.true.nl","145.131.249.186"
"2020-04-07T09:22:01.425Z","duckhunt05.true.nl",
"2020-04-07T09:22:01.425Z","duckhunt05.true.nl","213.127.3.239"
"2020-04-07T09:22:01.425Z","duckhunt05.true.nl","213.127.3.239"
"2020-04-07T09:22:01.425Z","duckhunt05.true.nl","127.0.0.1"
"2020-04-07T09:22:01.425Z","duckhunt05.true.nl","213.127.3.239"
"2020-04-07T09:22:01.425Z","duckhunt05.true.nl","213.127.3.239"
"2020-04-07T09:22:01.425Z","duckhunt05.true.nl","213.127.3.239"
"2020-04-07T09:22:01.425Z","duckhunt05.true.nl","213.127.3.239"
"2020-04-07T09:22:01.426Z","duckhunt05.true.nl","84.196.101.5"
"2020-04-07T09:22:01.425Z","duckhunt05.true.nl","213.127.3.239"
"2020-04-07T09:22:01.426Z","duckhunt05.true.nl","84.196.101.5"
"2020-04-07T09:22:01.426Z","duckhunt05.true.nl","84.196.101.5"
"2020-04-07T09:22:01.426Z","duckhunt05.true.nl","84.196.101.5"
"2020-04-07T09:22:02.427Z","duckhunt05.true.nl",
"2020-04-07T09:22:01.426Z","duckhunt05.true.nl","213.127.3.239"
"2020-04-07T09:22:01.425Z","duckhunt05.true.nl","213.127.3.239"
"2020-04-07T09:22:01.425Z","duckhunt05.true.nl","185.228.196.203"
"2020-04-07T09:22:02.432Z","duckhunt05.true.nl","46.223.178.109"
"2020-04-07T09:22:03.432Z","duckhunt05.true.nl","213.127.3.239"
"2020-04-07T09:22:03.433Z","duckhunt05.true.nl","213.127.3.239"
"2020-04-07T09:22:03.433Z","duckhunt05.true.nl","213.127.3.239"
"2020-04-07T09:22:01.426Z","duckhunt05.true.nl","84.196.101.5"
"2020-04-07T09:22:02.431Z","duckhunt05.true.nl","46.223.178.109"
"2020-04-07T09:22:03.433Z","duckhunt05.true.nl","213.127.3.239"
"2020-04-07T09:22:03.433Z","duckhunt05.true.nl","213.127.3.239"
"2020-04-07T09:22:02.431Z","duckhunt05.true.nl","46.223.178.109"
"2020-04-07T09:22:03.434Z","duckhunt05.true.nl","83.160.85.195"
"2020-04-07T09:22:03.434Z","duckhunt05.true.nl","83.160.85.195"
"2020-04-07T09:22:03.434Z","duckhunt05.true.nl","83.160.85.195"
"2020-04-07T09:22:03.435Z","duckhunt05.true.nl","83.160.85.195"
"2020-04-07T09:22:03.435Z","duckhunt05.true.nl","83.160.85.195"
"2020-04-07T09:22:03.435Z","duckhunt05.true.nl","83.160.85.195"
"2020-04-07T09:22:03.435Z","duckhunt05.true.nl","83.160.85.195"
"2020-04-07T09:22:03.435Z","duckhunt05.true.nl","83.160.85.195"
"2020-04-07T09:22:03.435Z","duckhunt05.true.nl","83.160.85.195"
"2020-04-07T09:22:03.433Z","duckhunt05.true.nl","213.127.3.239"
"2020-04-07T09:22:03.435Z","duckhunt05.true.nl","83.160.85.195"
"2020-04-07T09:22:03.435Z","duckhunt05.true.nl","83.160.85.195"
"2020-04-07T09:22:03.435Z","duckhunt05.true.nl","83.160.85.195"
"2020-04-07T09:22:03.435Z","duckhunt05.true.nl","83.160.85.195"
"2020-04-07T09:22:03.435Z","duckhunt05.true.nl","83.160.85.195"
"2020-04-07T09:22:03.438Z","duckhunt05.true.nl","84.241.174.12"
"2020-04-07T09:22:03.438Z","duckhunt05.true.nl","127.0.0.1"
"2020-04-07T09:22:03.433Z","duckhunt05.true.nl","213.127.3.239"
"2020-04-07T09:22:03.435Z","duckhunt05.true.nl","83.160.85.195"
"2020-04-07T09:22:08.511Z","duckhunt07.true.nl","86.164.240.47"
"2020-04-07T09:22:08.511Z","duckhunt07.true.nl","86.164.240.47"
"2020-04-07T09:22:08.511Z","duckhunt07.true.nl","127.0.0.1"
"2020-04-07T09:22:08.511Z","duckhunt07.true.nl","127.0.0.1"
"2020-04-07T09:22:08.512Z","duckhunt07.true.nl","77.175.179.15"
"2020-04-07T09:22:08.512Z","duckhunt07.true.nl","127.0.0.1"
"2020-04-07T09:22:08.512Z","duckhunt07.true.nl","77.175.179.15"
"2020-04-07T09:22:09.512Z","duckhunt07.true.nl","77.175.179.15"
"2020-04-07T09:22:08.512Z","duckhunt07.true.nl","81.205.132.74"
"2020-04-07T09:22:09.512Z","duckhunt07.true.nl","77.175.179.15"
"2020-04-07T09:22:09.512Z","duckhunt07.true.nl","77.175.179.15"
"2020-04-07T09:22:09.515Z","duckhunt07.true.nl","77.175.179.15"
"2020-04-07T09:22:09.515Z","duckhunt07.true.nl","86.87.51.77"
"2020-04-07T09:22:09.515Z","duckhunt07.true.nl","86.87.51.77"
"2020-04-07T09:22:09.515Z","duckhunt07.true.nl","86.87.51.77"
"2020-04-07T09:22:09.515Z","duckhunt07.true.nl","127.0.0.1"
"2020-04-07T09:22:09.515Z","duckhunt07.true.nl","127.0.0.1"
"2020-04-07T09:22:09.516Z","duckhunt07.true.nl","86.82.26.147"
"2020-04-07T09:22:09.515Z","duckhunt07.true.nl","127.0.0.1"
"2020-04-07T09:22:10.516Z","duckhunt07.true.nl","82.173.33.139"
"2020-04-07T09:22:09.512Z","duckhunt07.true.nl","77.175.179.15"
"2020-04-07T09:22:10.516Z","duckhunt07.true.nl","82.173.33.139"
"2020-04-07T09:22:10.516Z","duckhunt07.true.nl","82.173.33.139"
"2020-04-07T09:22:10.516Z","duckhunt07.true.nl","82.173.33.139"
"2020-04-07T09:22:10.518Z","duckhunt07.true.nl","82.173.33.139"
"2020-04-07T09:22:10.518Z","duckhunt07.true.nl","84.85.135.110"
"2020-04-07T09:22:10.517Z","duckhunt07.true.nl","94.110.62.195"
"2020-04-07T09:22:10.518Z","duckhunt07.true.nl","127.0.0.1"
"2020-04-07T09:22:10.517Z","duckhunt07.true.nl","127.0.0.1"
"2020-04-07T09:22:09.515Z","duckhunt07.true.nl","77.175.179.15"
"2020-04-07T09:22:03.438Z","duckhunt05.true.nl","169.1.254.9"
"2020-04-07T09:22:03.439Z","duckhunt05.true.nl","169.1.254.9"
"2020-04-07T09:22:03.439Z","duckhunt05.true.nl","169.1.254.9"
"2020-04-07T09:22:03.439Z","duckhunt05.true.nl","169.1.254.9"
"2020-04-07T09:22:03.438Z","duckhunt05.true.nl","169.1.254.9"
"2020-04-07T09:22:03.439Z","duckhunt05.true.nl","169.1.254.9"
"2020-04-07T09:22:03.439Z","duckhunt05.true.nl","169.1.254.9"
"2020-04-07T09:22:03.439Z","duckhunt05.true.nl","169.1.254.9"
"2020-04-07T09:22:03.440Z","duckhunt05.true.nl","169.1.254.9"
"2020-04-07T09:22:03.438Z","duckhunt05.true.nl","169.1.254.9"
"2020-04-07T09:22:03.440Z","duckhunt05.true.nl","169.1.254.9"
"2020-04-07T09:22:03.440Z","duckhunt05.true.nl","169.1.254.9"
"2020-04-07T09:22:04.440Z","duckhunt05.true.nl","212.92.114.148"
"2020-04-07T09:22:04.440Z","duckhunt05.true.nl","212.92.114.148"
"2020-04-07T09:22:04.441Z","duckhunt05.true.nl","169.1.254.9"
"2020-04-07T09:22:04.442Z","duckhunt05.true.nl","127.0.0.1"
"2020-04-07T09:22:04.442Z","duckhunt05.true.nl",
"2020-04-07T09:22:04.443Z","duckhunt05.true.nl","90.186.68.111"
"2020-04-07T09:22:04.443Z","duckhunt05.true.nl","90.186.68.111"
"2020-04-07T09:22:04.442Z","duckhunt05.true.nl","77.61.81.227"
"2020-04-07T09:22:04.440Z","duckhunt05.true.nl","212.92.114.148"
"2020-04-07T09:22:04.444Z","duckhunt05.true.nl",
"2020-04-07T09:22:05.446Z","duckhunt05.true.nl",
"2020-04-07T09:22:05.447Z","duckhunt05.true.nl","217.67.232.88"
"2020-04-07T09:22:05.447Z","duckhunt05.true.nl","84.53.92.104"
"2020-04-07T09:22:05.449Z","duckhunt05.true.nl","127.0.0.1"
"2020-04-07T09:22:04.443Z","duckhunt05.true.nl","90.186.68.111"
"2020-04-07T09:22:04.443Z","duckhunt05.true.nl","90.186.68.111"
"2020-04-07T09:22:01.492Z","duckhunt07.true.nl","91.87.8.203"
"2020-04-07T09:22:01.492Z","duckhunt07.true.nl","91.87.8.203"
"2020-04-07T09:22:01.492Z","duckhunt07.true.nl","91.87.8.203"
"2020-04-07T09:22:01.492Z","duckhunt07.true.nl","77.175.179.15"
"2020-04-07T09:22:01.492Z","duckhunt07.true.nl","77.175.179.15"
"2020-04-07T09:22:01.492Z","duckhunt07.true.nl","77.175.179.15"
"2020-04-07T09:22:02.493Z","duckhunt07.true.nl","86.81.111.52"
"2020-04-07T09:22:02.493Z","duckhunt07.true.nl","86.81.111.52"
"2020-04-07T09:22:02.493Z","duckhunt07.true.nl","86.81.111.52"
"2020-04-07T09:22:02.493Z","duckhunt07.true.nl","77.175.179.15"
"2020-04-07T09:22:02.493Z","duckhunt07.true.nl","86.81.111.52"
"2020-04-07T09:22:02.493Z","duckhunt07.true.nl","86.81.111.52"
"2020-04-07T09:22:02.493Z","duckhunt07.true.nl","86.81.111.52"
"2020-04-07T09:22:02.493Z","duckhunt07.true.nl","86.81.111.52"
"2020-04-07T09:22:02.493Z","duckhunt07.true.nl","86.81.111.52"
"2020-04-07T09:22:02.493Z","duckhunt07.true.nl","86.81.111.52"
"2020-04-07T09:22:02.493Z","duckhunt07.true.nl","77.175.179.15"
"2020-04-07T09:22:02.494Z","duckhunt07.true.nl","77.175.179.15"
"2020-04-07T09:22:04.498Z","duckhunt07.true.nl","84.80.236.247"
"2020-04-07T09:22:04.498Z","duckhunt07.true.nl","143.176.214.224"
"2020-04-07T09:22:06.502Z","duckhunt07.true.nl","127.0.0.1"
"2020-04-07T09:22:06.503Z","duckhunt07.true.nl","81.92.177.204"
"2020-04-07T09:22:06.503Z","duckhunt07.true.nl","81.92.177.204"
"2020-04-07T09:22:04.498Z","duckhunt07.true.nl","127.0.0.1"
"2020-04-07T09:22:06.502Z","duckhunt07.true.nl","77.161.169.55"
"2020-04-07T09:22:06.503Z","duckhunt07.true.nl","81.92.177.204"
"2020-04-07T09:22:06.505Z","duckhunt07.true.nl","127.0.0.1"
"2020-04-07T09:22:06.503Z","duckhunt07.true.nl","81.92.177.204"
"2020-04-07T09:22:06.505Z","duckhunt07.true.nl","94.110.96.218"
"2020-04-07T09:22:06.505Z","duckhunt07.true.nl","77.175.244.177"
"2020-04-07T09:22:06.505Z","duckhunt07.true.nl","127.0.0.1"
"2020-04-07T09:22:06.506Z","duckhunt07.true.nl","77.175.244.177"
"2020-04-07T09:22:06.506Z","duckhunt07.true.nl","127.0.0.1"
"2020-04-07T09:22:06.506Z","duckhunt07.true.nl","77.175.244.177"
"2020-04-07T09:22:07.507Z","duckhunt07.true.nl","127.0.0.1"
"2020-04-07T09:22:07.509Z","duckhunt07.true.nl","77.175.244.177"
"2020-04-07T09:22:07.509Z","duckhunt07.true.nl","127.0.0.1"
"timestamp","source","client"
"2020-04-07T09:22:07.484Z","duckhunt04.true.nl","192.166.96.99"
"2020-04-07T09:22:08.484Z","duckhunt04.true.nl","192.166.96.99"
"2020-04-07T09:22:08.484Z","duckhunt04.true.nl","192.166.96.99"
"2020-04-07T09:22:10.604Z","duckhunt04.true.nl","127.0.0.1"
"2020-04-07T09:22:07.576Z","duckhunt04.true.nl","136.144.189.96"
"2020-04-07T09:22:10.577Z","duckhunt04.true.nl","136.144.189.96"
"2020-04-07T09:22:15.578Z","duckhunt04.true.nl","37.17.220.152"
"2020-04-07T09:22:15.578Z","duckhunt04.true.nl","37.17.220.152"
"2020-04-07T09:22:15.578Z","duckhunt04.true.nl","37.17.220.152"
"2020-04-07T09:22:15.578Z","duckhunt04.true.nl","37.17.220.152"
"2020-04-07T09:22:15.578Z","duckhunt04.true.nl","37.17.220.152"
"2020-04-07T09:22:15.578Z","duckhunt04.true.nl","37.17.220.152"
"2020-04-07T09:22:15.578Z","duckhunt04.true.nl","37.17.220.152"
"2020-04-07T09:22:09.214Z","duckhunt04.true.nl","194.171.121.48"
"2020-04-07T09:22:12.422Z","duckhunt04.true.nl","31.13.115.19"
"2020-04-07T09:22:15.422Z","duckhunt04.true.nl","82.72.241.144"
"2020-04-07T09:22:15.422Z","duckhunt04.true.nl","82.72.241.144"
"2020-04-07T09:22:11.110Z","duckhunt04.true.nl",
"2020-04-07T09:22:08.240Z","duckhunt04.true.nl","127.0.0.1"
"2020-04-07T09:22:07.239Z","duckhunt04.true.nl","127.0.0.1"
"2020-04-07T09:22:08.369Z","duckhunt04.true.nl",
"2020-04-07T09:22:11.371Z","duckhunt04.true.nl",
"2020-04-07T09:22:14.371Z","duckhunt04.true.nl",
"2020-04-07T09:22:14.074Z","duckhunt04.true.nl","51.89.64.18"
"2020-04-07T09:22:10.310Z","duckhunt04.true.nl","145.131.249.186"
"2020-04-07T09:22:07.507Z","duckhunt07.true.nl","127.0.0.1"
"2020-04-07T09:22:07.509Z","duckhunt07.true.nl","77.175.244.177"
"2020-04-07T09:22:07.509Z","duckhunt07.true.nl","127.0.0.1"
"2020-04-07T09:22:08.511Z","duckhunt07.true.nl","86.164.240.47"
"2020-04-07T09:22:08.511Z","duckhunt07.true.nl","86.164.240.47"
"2020-04-07T09:22:08.511Z","duckhunt07.true.nl","127.0.0.1"
"2020-04-07T09:22:08.511Z","duckhunt07.true.nl","127.0.0.1"
"2020-04-07T09:22:08.512Z","duckhunt07.true.nl","77.175.179.15"
"2020-04-07T09:22:08.512Z","duckhunt07.true.nl","127.0.0.1"
"2020-04-07T09:22:08.512Z","duckhunt07.true.nl","77.175.179.15"
"2020-04-07T09:22:09.512Z","duckhunt07.true.nl","77.175.179.15"
"2020-04-07T09:22:08.512Z","duckhunt07.true.nl","81.205.132.74"
"2020-04-07T09:22:09.512Z","duckhunt07.true.nl","77.175.179.15"
"2020-04-07T09:22:09.512Z","duckhunt07.true.nl","77.175.179.15"
"2020-04-07T09:22:09.515Z","duckhunt07.true.nl","77.175.179.15"
"2020-04-07T09:22:09.515Z","duckhunt07.true.nl","86.87.51.77"
"2020-04-07T09:22:09.515Z","duckhunt07.true.nl","86.87.51.77"
"2020-04-07T09:22:09.515Z","duckhunt07.true.nl","86.87.51.77"
"2020-04-07T09:22:09.515Z","duckhunt07.true.nl","127.0.0.1"
"2020-04-07T09:22:09.515Z","duckhunt07.true.nl","127.0.0.1"
"2020-04-07T09:22:09.516Z","duckhunt07.true.nl","86.82.26.147"
"2020-04-07T09:22:09.515Z","duckhunt07.true.nl","127.0.0.1"
"2020-04-07T09:22:10.516Z","duckhunt07.true.nl","82.173.33.139"
"2020-04-07T09:22:09.512Z","duckhunt07.true.nl","77.175.179.15"
"2020-04-07T09:22:10.516Z","duckhunt07.true.nl","82.173.33.139"
"2020-04-07T09:22:10.516Z","duckhunt07.true.nl","82.173.33.139"
"2020-04-07T09:22:10.516Z","duckhunt07.true.nl","82.173.33.139"
"2020-04-07T09:22:10.518Z","duckhunt07.true.nl","82.173.33.139"
"2020-04-07T09:22:10.518Z","duckhunt07.true.nl","84.85.135.110"
"2020-04-07T09:22:10.517Z","duckhunt07.true.nl","94.110.62.195"
"2020-04-07T09:22:10.518Z","duckhunt07.true.nl","127.0.0.1"
"2020-04-07T09:22:11.520Z","duckhunt07.true.nl","83.136.199.92"
"2020-04-07T09:22:10.517Z","duckhunt07.true.nl","127.0.0.1"
"2020-04-07T09:22:11.520Z","duckhunt07.true.nl","83.136.199.92"
"2020-04-07T09:22:11.520Z","duckhunt07.true.nl","83.136.199.92"
"2020-04-07T09:22:11.520Z","duckhunt07.true.nl","83.136.199.92"
"2020-04-07T09:22:11.520Z","duckhunt07.true.nl","83.136.199.92"
"2020-04-07T09:22:09.515Z","duckhunt07.true.nl","77.175.179.15"
"2020-04-07T09:22:07.460Z","duckhunt05.true.nl",
"2020-04-07T09:22:07.461Z","duckhunt05.true.nl",
"2020-04-07T09:22:08.462Z","duckhunt05.true.nl","87.163.195.168"
"2020-04-07T09:22:08.462Z","duckhunt05.true.nl",
"2020-04-07T09:22:08.462Z","duckhunt05.true.nl","31.21.204.74"
"2020-04-07T09:22:08.462Z","duckhunt05.true.nl","31.21.204.74"
"2020-04-07T09:22:08.464Z","duckhunt05.true.nl",
"2020-04-07T09:22:07.461Z","duckhunt05.true.nl","169.1.254.9"
"2020-04-07T09:22:08.462Z","duckhunt05.true.nl","31.21.204.74"
"2020-04-07T09:22:15.528Z","duckhunt07.true.nl","83.136.199.92"
"2020-04-07T09:22:15.528Z","duckhunt07.true.nl","83.136.199.92"
"2020-04-07T09:22:15.529Z","duckhunt07.true.nl","46.178.255.201"
"2020-04-07T09:22:15.529Z","duckhunt07.true.nl","46.178.255.201"
"2020-04-07T09:22:15.529Z","duckhunt07.true.nl","83.136.199.92"
"2020-04-07T09:22:15.529Z","duckhunt07.true.nl","83.136.199.92"
"2020-04-07T09:22:15.529Z","duckhunt07.true.nl","83.136.199.92"
"2020-04-07T09:22:15.529Z","duckhunt07.true.nl","84.81.243.206"
"2020-04-07T09:22:15.528Z","duckhunt07.true.nl","83.136.199.92"
"2020-04-07T09:22:09.469Z","duckhunt05.true.nl",
"2020-04-07T09:22:09.470Z","duckhunt05.true.nl",
"2020-04-07T09:22:09.472Z","duckhunt05.true.nl",
"2020-04-07T09:22:09.473Z","duckhunt05.true.nl","176.198.183.234"
"2020-04-07T09:22:08.464Z","duckhunt05.true.nl",
"2020-04-07T09:22:10.474Z","duckhunt05.true.nl","217.120.108.235"
"2020-04-07T09:22:10.476Z","duckhunt05.true.nl","127.0.0.1"
"2020-04-07T09:22:09.473Z","duckhunt05.true.nl","176.198.183.234"
"2020-04-07T09:22:08.464Z","duckhunt05.true.nl",
"2020-04-07T09:22:09.470Z","duckhunt05.true.nl","5.22.252.162"
"2020-04-07T09:22:10.479Z","duckhunt05.true.nl","95.91.235.236"
"2020-04-07T09:22:10.479Z","duckhunt05.true.nl","95.91.235.236"
"2020-04-07T09:22:10.479Z","duckhunt05.true.nl","213.222.2.242"
"2020-04-07T09:22:10.479Z","duckhunt05.true.nl","213.222.2.242"
"2020-04-07T09:22:10.479Z","duckhunt05.true.nl","95.91.235.236"
"2020-04-07T09:22:10.479Z","duckhunt05.true.nl","213.222.2.242"
"2020-04-07T09:22:10.480Z","duckhunt05.true.nl","95.96.22.166"
"2020-04-07T09:22:10.480Z","duckhunt05.true.nl","84.241.174.12"
"2020-04-07T09:22:10.480Z","duckhunt05.true.nl","127.0.0.1"
"2020-04-07T09:22:10.479Z","duckhunt05.true.nl","213.222.2.242"
"2020-04-07T09:22:10.479Z","duckhunt05.true.nl","213.222.2.242"
"2020-04-07T09:22:10.479Z","duckhunt05.true.nl","95.91.235.236"
"2020-04-07T09:22:10.479Z","duckhunt05.true.nl","95.91.235.236"
"2020-04-07T09:22:11.482Z","duckhunt05.true.nl","213.222.2.242"
"2020-04-07T09:22:11.483Z","duckhunt05.true.nl","88.218.7.30"
"2020-04-07T09:22:11.483Z","duckhunt05.true.nl","88.218.7.30"
"2020-04-07T09:22:11.482Z","duckhunt05.true.nl","213.222.2.242"
"2020-04-07T09:22:11.483Z","duckhunt05.true.nl","88.218.7.30"
"2020-04-07T09:22:11.483Z","duckhunt05.true.nl","88.218.7.30"
"2020-04-07T09:22:11.483Z","duckhunt05.true.nl","88.218.7.30"
"2020-04-07T09:22:11.483Z","duckhunt05.true.nl","88.218.7.30"
"2020-04-07T09:22:11.483Z","duckhunt05.true.nl","88.218.7.30"
"2020-04-07T09:22:11.483Z","duckhunt05.true.nl","88.218.7.30"
"2020-04-07T09:22:11.484Z","duckhunt05.true.nl","95.91.235.236"
"2020-04-07T09:22:11.484Z","duckhunt05.true.nl",
"2020-04-07T09:22:11.483Z","duckhunt05.true.nl","172.105.89.161"
"2020-04-07T09:22:11.486Z","duckhunt05.true.nl","88.218.7.30"
"2020-04-07T09:22:11.484Z","duckhunt05.true.nl",
"2020-04-07T09:22:11.483Z","duckhunt05.true.nl","88.218.7.30"
"2020-04-07T09:22:12.489Z","duckhunt05.true.nl",
"2020-04-07T09:22:12.489Z","duckhunt05.true.nl",
"2020-04-07T09:22:12.490Z","duckhunt05.true.nl","213.127.22.175"
"2020-04-07T09:22:12.490Z","duckhunt05.true.nl","213.127.22.175"
"2020-04-07T09:22:12.490Z","duckhunt05.true.nl","213.127.22.175"
"2020-04-07T09:22:12.491Z","duckhunt05.true.nl","213.127.22.175"
"2020-04-07T09:22:12.490Z","duckhunt05.true.nl","213.127.22.175"
"timestamp","source","client"
"2020-04-07T09:22:23.496Z","duckhunt04.true.nl",
"2020-04-07T09:22:23.496Z","duckhunt04.true.nl","5.200.28.165"
"2020-04-07T09:22:19.579Z","duckhunt04.true.nl","136.144.189.96"
"2020-04-07T09:22:20.579Z","duckhunt04.true.nl","178.84.136.220"
"2020-04-07T09:22:22.580Z","duckhunt04.true.nl","136.144.189.96"
"2020-04-07T09:22:24.580Z","duckhunt04.true.nl","136.144.189.96"
"2020-04-07T09:22:25.580Z","duckhunt04.true.nl","31.201.174.73"
"2020-04-07T09:22:27.581Z","duckhunt04.true.nl","136.144.189.96"
"2020-04-07T09:22:27.581Z","duckhunt04.true.nl","74.125.210.27"
"2020-04-07T09:22:22.373Z","duckhunt04.true.nl","208.91.109.90"
"2020-04-07T09:22:18.838Z","duckhunt04.true.nl","127.0.0.1"
"2020-04-07T09:22:18.838Z","duckhunt04.true.nl","127.0.0.1"
"2020-04-07T09:22:18.838Z","duckhunt04.true.nl","127.0.0.1"
"2020-04-07T09:22:25.842Z","duckhunt04.true.nl","213.233.252.233"
"2020-04-07T09:22:25.842Z","duckhunt04.true.nl","127.0.0.1"
"2020-04-07T09:22:20.281Z","duckhunt04.true.nl","123.133.161.246"
"2020-04-07T09:22:25.425Z","duckhunt04.true.nl","82.72.241.144"
"2020-04-07T09:22:23.161Z","duckhunt04.true.nl","208.91.109.90"
"2020-04-07T09:22:18.241Z","duckhunt04.true.nl","127.0.0.1"
"2020-04-07T09:22:20.480Z","duckhunt04.true.nl","176.9.25.107"
"2020-04-07T09:22:21.372Z","duckhunt04.true.nl","5.39.168.189"
"2020-04-07T09:22:21.372Z","duckhunt04.true.nl","5.39.168.189"
"2020-04-07T09:22:21.372Z","duckhunt04.true.nl","5.39.168.189"
"2020-04-07T09:22:21.372Z","duckhunt04.true.nl","5.39.168.189"
"2020-04-07T09:22:22.373Z","duckhunt04.true.nl","5.39.168.189"
"timestamp","source","client"
"2020-04-07T09:22:30.503Z","duckhunt04.true.nl","188.118.10.185"
"2020-04-07T09:22:24.580Z","duckhunt04.true.nl","136.144.189.96"
"2020-04-07T09:22:25.580Z","duckhunt04.true.nl","31.201.174.73"
"2020-04-07T09:22:27.581Z","duckhunt04.true.nl","136.144.189.96"
"2020-04-07T09:22:27.581Z","duckhunt04.true.nl","74.125.210.27"
"2020-04-07T09:22:31.582Z","duckhunt04.true.nl",
"2020-04-07T09:22:25.842Z","duckhunt04.true.nl","213.233.252.233"
"2020-04-07T09:22:25.842Z","duckhunt04.true.nl","127.0.0.1"
"2020-04-07T09:22:29.843Z","duckhunt04.true.nl","159.100.82.6"
"2020-04-07T09:22:30.843Z","duckhunt04.true.nl","93.117.201.33"
"2020-04-07T09:22:30.843Z","duckhunt04.true.nl","127.0.0.1"
"2020-04-07T09:22:32.844Z","duckhunt04.true.nl","84.53.100.50"
"2020-04-07T09:22:32.844Z","duckhunt04.true.nl","84.53.100.50"
"2020-04-07T09:22:25.425Z","duckhunt04.true.nl","82.72.241.144"
"2020-04-07T09:22:28.425Z","duckhunt04.true.nl","127.0.0.1"
"2020-04-07T09:22:32.426Z","duckhunt04.true.nl","217.150.190.17"
"2020-04-07T09:22:32.426Z","duckhunt04.true.nl","127.0.0.1"
"2020-04-07T09:22:26.553Z","duckhunt04.true.nl","157.55.39.75"
"2020-04-07T09:22:33.164Z","duckhunt04.true.nl","208.91.109.90"
"2020-04-07T09:22:30.482Z","duckhunt04.true.nl","176.9.25.107"
"2020-04-07T09:22:28.079Z","duckhunt04.true.nl","185.180.12.65"
"2020-04-07T09:22:29.373Z","duckhunt04.true.nl",
"2020-04-07T09:22:32.374Z","duckhunt04.true.nl","5.39.168.189"
"2020-04-07T09:22:32.374Z","duckhunt04.true.nl","5.39.168.189"
"2020-04-07T09:22:32.374Z","duckhunt04.true.nl","5.39.168.189"
"2020-04-07T09:22:32.374Z","duckhunt04.true.nl","5.39.168.189"
"2020-04-07T09:22:32.374Z","duckhunt04.true.nl","5.39.168.189"
"2020-04-07T09:22:32.374Z","duckhunt04.true.nl","5.39.168.189"
"2020-04-07T09:22:32.374Z","duckhunt04.true.nl",
"2020-04-07T09:22:32.374Z","duckhunt04.true.nl","5.39.168.189"
"2020-04-07T09:22:33.374Z","duckhunt04.true.nl","5.39.168.189"
"2020-04-07T09:22:33.374Z","duckhunt04.true.nl","5.39.168.189"
"2020-04-07T09:22:24.468Z","duckhunt04.true.nl","213.127.90.69"
"2020-04-07T09:22:24.468Z","duckhunt04.true.nl","213.127.90.69"
"2020-04-07T09:22:25.469Z","duckhunt04.true.nl","94.209.133.230"
"2020-04-07T09:22:24.468Z","duckhunt04.true.nl","213.127.90.69"
"2020-04-07T09:22:25.469Z","duckhunt04.true.nl","94.209.133.230"
"2020-04-07T09:22:26.469Z","duckhunt04.true.nl","127.0.0.1"
"2020-04-07T09:22:26.469Z","duckhunt04.true.nl","178.84.68.221"
"2020-04-07T09:22:26.469Z","duckhunt04.true.nl","83.80.230.170"
"2020-04-07T09:22:28.471Z","duckhunt04.true.nl","213.127.90.69"
"2020-04-07T09:22:28.471Z","duckhunt04.true.nl","213.127.90.69"
"2020-04-07T09:22:28.471Z","duckhunt04.true.nl","213.127.90.69"
"2020-04-07T09:22:28.472Z","duckhunt04.true.nl","94.209.133.230"
"2020-04-07T09:22:28.472Z","duckhunt04.true.nl","94.209.133.230"
"2020-04-07T09:22:29.472Z","duckhunt04.true.nl","92.111.89.13"
"2020-04-07T09:22:29.472Z","duckhunt04.true.nl","127.0.0.1"
"2020-04-07T09:22:30.473Z","duckhunt04.true.nl","89.99.26.48"
"2020-04-07T09:22:30.473Z","duckhunt04.true.nl","217.101.158.83"
"2020-04-07T09:22:30.473Z","duckhunt04.true.nl","127.0.0.1"
"2020-04-07T09:22:30.474Z","duckhunt04.true.nl","213.127.90.69"
"2020-04-07T09:22:31.475Z","duckhunt04.true.nl","92.109.65.55"
"2020-04-07T09:22:31.475Z","duckhunt04.true.nl","127.0.0.1"
"2020-04-07T09:22:31.475Z","duckhunt04.true.nl","31.151.230.166"
"2020-04-07T09:22:31.476Z","duckhunt04.true.nl","94.209.133.230"
"2020-04-07T09:22:32.477Z","duckhunt04.true.nl","84.26.248.218"
"2020-04-07T09:22:32.477Z","duckhunt04.true.nl","84.26.248.218"
"2020-04-07T09:22:32.477Z","duckhunt04.true.nl","127.0.0.1"
"2020-04-07T09:22:32.477Z","duckhunt04.true.nl","81.30.68.146"
"2020-04-07T09:22:33.478Z","duckhunt04.true.nl","217.101.158.83"
"2020-04-07T09:22:33.478Z","duckhunt04.true.nl","127.0.0.1"
"2020-04-07T09:22:33.478Z","duckhunt04.true.nl","217.101.158.83"
"2020-04-07T09:22:33.478Z","duckhunt04.true.nl","213.127.20.162"
"2020-04-07T09:22:33.478Z","duckhunt04.true.nl","213.127.20.162"
"2020-04-07T09:22:33.478Z","duckhunt04.true.nl","127.0.0.1"
"2020-04-07T09:22:24.312Z","duckhunt04.true.nl","127.0.0.1"
"timestamp","source","client"
"2020-04-07T09:22:30.503Z","duckhunt04.true.nl","188.118.10.185"
"2020-04-07T09:22:31.582Z","duckhunt04.true.nl",
"2020-04-07T09:22:34.582Z","duckhunt04.true.nl","136.144.189.96"
"2020-04-07T09:22:34.582Z","duckhunt04.true.nl","136.144.189.96"
"2020-04-07T09:22:29.843Z","duckhunt04.true.nl","159.100.82.6"
"2020-04-07T09:22:30.843Z","duckhunt04.true.nl","93.117.201.33"
"2020-04-07T09:22:30.843Z","duckhunt04.true.nl","127.0.0.1"
"2020-04-07T09:22:33.258Z","duckhunt04.true.nl","213.34.123.41"
"2020-04-07T09:22:32.426Z","duckhunt04.true.nl","217.150.190.17"
"2020-04-07T09:22:32.426Z","duckhunt04.true.nl","127.0.0.1"
"2020-04-07T09:22:33.164Z","duckhunt04.true.nl","208.91.109.90"
"2020-04-07T09:22:38.166Z","duckhunt04.true.nl","81.175.89.2"
"2020-04-07T09:22:35.243Z","duckhunt04.true.nl","127.0.0.1"
"2020-04-07T09:22:30.482Z","duckhunt04.true.nl","176.9.25.107"
"2020-04-07T09:22:29.373Z","duckhunt04.true.nl",
"2020-04-07T09:22:32.374Z","duckhunt04.true.nl","5.39.168.189"
"2020-04-07T09:22:32.374Z","duckhunt04.true.nl","5.39.168.189"
"2020-04-07T09:22:32.374Z","duckhunt04.true.nl","5.39.168.189"
"2020-04-07T09:22:32.374Z","duckhunt04.true.nl","5.39.168.189"
"2020-04-07T09:22:32.374Z","duckhunt04.true.nl","5.39.168.189"
"2020-04-07T09:22:32.374Z","duckhunt04.true.nl","5.39.168.189"
"2020-04-07T09:22:32.374Z","duckhunt04.true.nl",
"2020-04-07T09:22:32.374Z","duckhunt04.true.nl","5.39.168.189"
"2020-04-07T09:22:33.374Z","duckhunt04.true.nl","5.39.168.189"
"2020-04-07T09:22:33.374Z","duckhunt04.true.nl","5.39.168.189"
"2020-04-07T09:22:34.374Z","duckhunt04.true.nl","46.249.41.69"
"2020-04-07T09:22:34.374Z","duckhunt04.true.nl","46.249.41.69"
"2020-04-07T09:22:29.472Z","duckhunt04.true.nl","92.111.89.13"
"2020-04-07T09:22:29.472Z","duckhunt04.true.nl","127.0.0.1"
"2020-04-07T09:22:30.473Z","duckhunt04.true.nl","89.99.26.48"
"2020-04-07T09:22:30.473Z","duckhunt04.true.nl","217.101.158.83"
"2020-04-07T09:22:30.473Z","duckhunt04.true.nl","127.0.0.1"
"2020-04-07T09:22:30.474Z","duckhunt04.true.nl","213.127.90.69"
"2020-04-07T09:22:31.475Z","duckhunt04.true.nl","92.109.65.55"
"2020-04-07T09:22:31.475Z","duckhunt04.true.nl","127.0.0.1"
"2020-04-07T09:22:31.475Z","duckhunt04.true.nl","31.151.230.166"
"2020-04-07T09:22:31.476Z","duckhunt04.true.nl","94.209.133.230"
"2020-04-07T09:22:32.477Z","duckhunt04.true.nl","84.26.248.218"
"2020-04-07T09:22:32.477Z","duckhunt04.true.nl","84.26.248.218"
"2020-04-07T09:22:32.477Z","duckhunt04.true.nl","127.0.0.1"
"2020-04-07T09:22:32.477Z","duckhunt04.true.nl","81.30.68.146"
"2020-04-07T09:22:33.478Z","duckhunt04.true.nl","217.101.158.83"
"2020-04-07T09:22:33.478Z","duckhunt04.true.nl","127.0.0.1"
"2020-04-07T09:22:33.478Z","duckhunt04.true.nl","217.101.158.83"
"2020-04-07T09:22:33.478Z","duckhunt04.true.nl","213.127.20.162"
"2020-04-07T09:22:33.478Z","duckhunt04.true.nl","213.127.20.162"
"2020-04-07T09:22:33.478Z","duckhunt04.true.nl","127.0.0.1"
"2020-04-07T09:22:34.479Z","duckhunt04.true.nl","217.101.158.83"
"2020-04-07T09:22:34.479Z","duckhunt04.true.nl","127.0.0.1"
"2020-04-07T09:22:34.481Z","duckhunt04.true.nl",
"2020-04-07T09:22:37.483Z","duckhunt04.true.nl","84.26.248.218"
"timestamp","source","client"
"2020-04-07T09:22:34.582Z","duckhunt04.true.nl","136.144.189.96"
"2020-04-07T09:22:34.582Z","duckhunt04.true.nl","136.144.189.96"
"2020-04-07T09:22:32.844Z","duckhunt04.true.nl","84.53.100.50"
"2020-04-07T09:22:32.844Z","duckhunt04.true.nl","84.53.100.50"
"2020-04-07T09:22:33.844Z","duckhunt04.true.nl","159.100.82.6"
"2020-04-07T09:22:33.844Z","duckhunt04.true.nl","127.0.0.1"
"2020-04-07T09:22:33.844Z","duckhunt04.true.nl","127.0.0.1"
"2020-04-07T09:22:34.844Z","duckhunt04.true.nl",
"2020-04-07T09:22:33.258Z","duckhunt04.true.nl","213.34.123.41"
"2020-04-07T09:22:41.259Z","duckhunt04.true.nl","213.34.123.41"
"2020-04-07T09:22:41.259Z","duckhunt04.true.nl","213.34.123.41"
"2020-04-07T09:22:41.259Z","duckhunt04.true.nl","213.34.123.41"
"2020-04-07T09:22:41.259Z","duckhunt04.true.nl","213.34.123.41"
"2020-04-07T09:22:41.259Z","duckhunt04.true.nl","213.34.123.41"
"2020-04-07T09:22:41.259Z","duckhunt04.true.nl","213.34.123.41"
"2020-04-07T09:22:41.259Z","duckhunt04.true.nl","213.34.123.41"
"2020-04-07T09:22:41.259Z","duckhunt04.true.nl","213.34.123.41"
"2020-04-07T09:22:41.259Z","duckhunt04.true.nl","213.34.123.41"
"2020-04-07T09:22:41.259Z","duckhunt04.true.nl","213.34.123.41"
"2020-04-07T09:22:41.259Z","duckhunt04.true.nl","213.34.123.41"
"2020-04-07T09:22:32.426Z","duckhunt04.true.nl","217.150.190.17"
"2020-04-07T09:22:32.426Z","duckhunt04.true.nl","127.0.0.1"
"2020-04-07T09:22:33.164Z","duckhunt04.true.nl","208.91.109.90"
"2020-04-07T09:22:38.166Z","duckhunt04.true.nl","81.175.89.2"
"2020-04-07T09:22:39.167Z","duckhunt04.true.nl","127.0.0.1"
"2020-04-07T09:22:41.055Z","duckhunt04.true.nl","82.74.43.215"
"2020-04-07T09:22:35.243Z","duckhunt04.true.nl","127.0.0.1"
"2020-04-07T09:22:41.179Z","duckhunt04.true.nl","213.127.119.206"
"2020-04-07T09:22:32.374Z","duckhunt04.true.nl","5.39.168.189"
"2020-04-07T09:22:32.374Z","duckhunt04.true.nl","5.39.168.189"
"2020-04-07T09:22:32.374Z","duckhunt04.true.nl","5.39.168.189"
"2020-04-07T09:22:32.374Z","duckhunt04.true.nl","5.39.168.189"
"2020-04-07T09:22:32.374Z","duckhunt04.true.nl","5.39.168.189"
"2020-04-07T09:22:32.374Z","duckhunt04.true.nl","5.39.168.189"
"2020-04-07T09:22:32.374Z","duckhunt04.true.nl",
"2020-04-07T09:22:32.374Z","duckhunt04.true.nl","5.39.168.189"
"2020-04-07T09:22:33.374Z","duckhunt04.true.nl","5.39.168.189"
"2020-04-07T09:22:33.374Z","duckhunt04.true.nl","5.39.168.189"
"2020-04-07T09:22:34.374Z","duckhunt04.true.nl","46.249.41.69"
"2020-04-07T09:22:34.374Z","duckhunt04.true.nl","46.249.41.69"
"2020-04-07T09:22:32.477Z","duckhunt04.true.nl","84.26.248.218"
"2020-04-07T09:22:32.477Z","duckhunt04.true.nl","84.26.248.218"
"2020-04-07T09:22:32.477Z","duckhunt04.true.nl","127.0.0.1"
"2020-04-07T09:22:32.477Z","duckhunt04.true.nl","81.30.68.146"
"2020-04-07T09:22:33.478Z","duckhunt04.true.nl","217.101.158.83"
"2020-04-07T09:22:33.478Z","duckhunt04.true.nl","127.0.0.1"
"2020-04-07T09:22:33.478Z","duckhunt04.true.nl","217.101.158.83"
"2020-04-07T09:22:33.478Z","duckhunt04.true.nl","213.127.20.162"
"2020-04-07T09:22:33.478Z","duckhunt04.true.nl","213.127.20.162"
"2020-04-07T09:22:33.478Z","duckhunt04.true.nl","127.0.0.1"
"2020-04-07T09:22:34.479Z","duckhunt04.true.nl","217.101.158.83"
"2020-04-07T09:22:34.479Z","duckhunt04.true.nl","127.0.0.1"
"2020-04-07T09:22:34.481Z","duckhunt04.true.nl",
"2020-04-07T09:22:37.483Z","duckhunt04.true.nl","84.26.248.218"
"2020-04-07T09:22:33.583Z","duckhunt07.true.nl","217.232.104.14"
"2020-04-07T09:22:33.583Z","duckhunt07.true.nl","217.232.104.14"
"2020-04-07T09:22:33.583Z","duckhunt07.true.nl","217.232.104.14"
"2020-04-07T09:22:34.585Z","duckhunt07.true.nl","217.232.104.14"
"2020-04-07T09:22:34.586Z","duckhunt07.true.nl","83.136.199.92"
"2020-04-07T09:22:34.586Z","duckhunt07.true.nl","83.136.199.92"
"2020-04-07T09:22:34.586Z","duckhunt07.true.nl","83.136.199.92"
"2020-04-07T09:22:34.586Z","duckhunt07.true.nl","83.136.199.92"
"2020-04-07T09:22:34.586Z","duckhunt07.true.nl","83.136.199.92"
"2020-04-07T09:22:34.586Z","duckhunt07.true.nl","83.136.199.92"
"2020-04-07T09:22:34.586Z","duckhunt07.true.nl","83.136.199.92"
"2020-04-07T09:22:35.589Z","duckhunt07.true.nl","86.86.84.186"
"2020-04-07T09:22:35.589Z","duckhunt07.true.nl","127.0.0.1"
"2020-04-07T09:22:34.587Z","duckhunt07.true.nl","83.136.199.92"
"2020-04-07T09:22:37.595Z","duckhunt07.true.nl","84.81.34.166"
"2020-04-07T09:22:34.586Z","duckhunt07.true.nl","83.136.199.92"
"2020-04-07T09:22:34.586Z","duckhunt07.true.nl","83.136.199.92"
"2020-04-07T09:22:33.635Z","duckhunt05.true.nl","89.205.133.136"
"2020-04-07T09:22:33.636Z","duckhunt05.true.nl","127.0.0.1"
"2020-04-07T09:22:39.603Z","duckhunt07.true.nl","180.163.220.3"
"2020-04-07T09:22:39.603Z","duckhunt07.true.nl","180.163.220.3"
"2020-04-07T09:22:39.603Z","duckhunt07.true.nl","180.163.220.3"
"2020-04-07T09:22:39.603Z","duckhunt07.true.nl","180.163.220.3"
"2020-04-07T09:22:39.603Z","duckhunt07.true.nl","180.163.220.3"
"2020-04-07T09:22:39.603Z","duckhunt07.true.nl","180.163.220.3"
"2020-04-07T09:22:39.603Z","duckhunt07.true.nl","180.163.220.3"
"2020-04-07T09:22:39.603Z","duckhunt07.true.nl","180.163.220.3"
"2020-04-07T09:22:39.603Z","duckhunt07.true.nl","180.163.220.3"
"2020-04-07T09:22:39.603Z","duckhunt07.true.nl","180.163.220.3"
"2020-04-07T09:22:39.603Z","duckhunt07.true.nl","180.163.220.3"
"2020-04-07T09:22:39.603Z","duckhunt07.true.nl","180.163.220.3"
"2020-04-07T09:22:38.601Z","duckhunt07.true.nl","80.61.28.197"
"2020-04-07T09:22:39.603Z","duckhunt07.true.nl","180.163.220.3"
"2020-04-07T09:22:40.606Z","duckhunt07.true.nl","217.232.104.14"
"2020-04-07T09:22:40.608Z","duckhunt07.true.nl","127.0.0.1"
"2020-04-07T09:22:40.607Z","duckhunt07.true.nl","77.168.77.119"
"2020-04-07T09:22:39.603Z","duckhunt07.true.nl","180.163.220.3"
"2020-04-07T09:22:33.641Z","duckhunt05.true.nl",
"2020-04-07T09:22:33.640Z","duckhunt05.true.nl",
"2020-04-07T09:22:34.642Z","duckhunt05.true.nl",
"2020-04-07T09:22:34.647Z","duckhunt05.true.nl","213.222.2.242"
"2020-04-07T09:22:34.647Z","duckhunt05.true.nl","213.222.2.242"
"2020-04-07T09:22:34.645Z","duckhunt05.true.nl",
"2020-04-07T09:22:34.647Z","duckhunt05.true.nl","84.105.76.113"
"2020-04-07T09:22:34.644Z","duckhunt05.true.nl",
"2020-04-07T09:22:34.648Z","duckhunt05.true.nl","127.0.0.1"
"2020-04-07T09:22:34.648Z","duckhunt05.true.nl","85.115.33.180"
"timestamp","source","client"
"2020-04-07T09:22:44.516Z","duckhunt04.true.nl","89.149.192.112"
"2020-04-07T09:22:36.610Z","duckhunt04.true.nl","62.140.137.104"
"2020-04-07T09:22:36.610Z","duckhunt04.true.nl","62.140.137.104"
"2020-04-07T09:22:36.610Z","duckhunt04.true.nl","127.0.0.1"
"2020-04-07T09:22:36.610Z","duckhunt04.true.nl","62.140.137.104"
"2020-04-07T09:22:36.610Z","duckhunt04.true.nl","62.140.137.104"
"2020-04-07T09:22:37.611Z","duckhunt04.true.nl","127.0.0.1"
"2020-04-07T09:22:39.611Z","duckhunt04.true.nl","62.140.137.104"
"2020-04-07T09:22:39.611Z","duckhunt04.true.nl","62.140.137.104"
"2020-04-07T09:22:39.612Z","duckhunt04.true.nl","62.140.137.104"
"2020-04-07T09:22:39.612Z","duckhunt04.true.nl","62.140.137.104"
"2020-04-07T09:22:39.612Z","duckhunt04.true.nl","62.140.137.104"
"2020-04-07T09:22:40.612Z","duckhunt04.true.nl","127.0.0.1"
"2020-04-07T09:22:40.612Z","duckhunt04.true.nl","127.0.0.1"
"2020-04-07T09:22:40.612Z","duckhunt04.true.nl","127.0.0.1"
"2020-04-07T09:22:36.845Z","duckhunt04.true.nl","87.236.6.90"
"2020-04-07T09:22:36.845Z","duckhunt04.true.nl","127.0.0.1"
"2020-04-07T09:22:38.845Z","duckhunt04.true.nl",
"2020-04-07T09:22:44.848Z","duckhunt04.true.nl","104.206.128.10"
"2020-04-07T09:22:41.259Z","duckhunt04.true.nl","213.34.123.41"
"2020-04-07T09:22:41.259Z","duckhunt04.true.nl","213.34.123.41"
"2020-04-07T09:22:41.259Z","duckhunt04.true.nl","213.34.123.41"
"2020-04-07T09:22:41.259Z","duckhunt04.true.nl","213.34.123.41"
"2020-04-07T09:22:41.259Z","duckhunt04.true.nl","213.34.123.41"
"2020-04-07T09:22:41.259Z","duckhunt04.true.nl","213.34.123.41"
"2020-04-07T09:22:41.259Z","duckhunt04.true.nl","213.34.123.41"
"2020-04-07T09:22:41.259Z","duckhunt04.true.nl","213.34.123.41"
"2020-04-07T09:22:41.259Z","duckhunt04.true.nl","213.34.123.41"
"2020-04-07T09:22:41.259Z","duckhunt04.true.nl","213.34.123.41"
"2020-04-07T09:22:41.259Z","duckhunt04.true.nl","213.34.123.41"
"2020-04-07T09:22:44.514Z","duckhunt04.true.nl","54.36.149.29"
"2020-04-07T09:22:38.166Z","duckhunt04.true.nl","81.175.89.2"
"2020-04-07T09:22:39.167Z","duckhunt04.true.nl","127.0.0.1"
"2020-04-07T09:22:41.055Z","duckhunt04.true.nl","82.74.43.215"
"2020-04-07T09:22:35.243Z","duckhunt04.true.nl","127.0.0.1"
"2020-04-07T09:22:35.483Z","duckhunt04.true.nl","176.9.25.107"
"2020-04-07T09:22:40.484Z","duckhunt04.true.nl","176.9.25.107"
"2020-04-07T09:22:43.061Z","duckhunt04.true.nl","144.76.120.197"
"2020-04-07T09:22:44.075Z","duckhunt04.true.nl",
"2020-04-07T09:22:37.483Z","duckhunt04.true.nl","84.26.248.218"
"2020-04-07T09:22:39.486Z","duckhunt04.true.nl","94.213.61.105"
"2020-04-07T09:22:40.487Z","duckhunt04.true.nl","66.249.83.75"
"2020-04-07T09:22:42.490Z","duckhunt04.true.nl","81.30.68.146"
"2020-04-07T09:22:42.490Z","duckhunt04.true.nl","127.0.0.1"
"2020-04-07T09:22:42.490Z","duckhunt04.true.nl","217.63.27.118"
"2020-04-07T09:22:42.490Z","duckhunt04.true.nl","217.63.27.118"
"2020-04-07T09:22:44.491Z","duckhunt04.true.nl","217.63.27.118"
"2020-04-07T09:22:44.491Z","duckhunt04.true.nl","217.63.27.118"
"2020-04-07T09:22:35.589Z","duckhunt07.true.nl","86.86.84.186"
"2020-04-07T09:22:35.589Z","duckhunt07.true.nl","127.0.0.1"
"2020-04-07T09:22:37.595Z","duckhunt07.true.nl","84.81.34.166"
"2020-04-07T09:22:39.603Z","duckhunt07.true.nl","180.163.220.3"
"2020-04-07T09:22:39.603Z","duckhunt07.true.nl","180.163.220.3"
"2020-04-07T09:22:39.603Z","duckhunt07.true.nl","180.163.220.3"
"2020-04-07T09:22:39.603Z","duckhunt07.true.nl","180.163.220.3"
"2020-04-07T09:22:39.603Z","duckhunt07.true.nl","180.163.220.3"
"2020-04-07T09:22:39.603Z","duckhunt07.true.nl","180.163.220.3"
"2020-04-07T09:22:39.603Z","duckhunt07.true.nl","180.163.220.3"
"2020-04-07T09:22:39.603Z","duckhunt07.true.nl","180.163.220.3"
"2020-04-07T09:22:39.603Z","duckhunt07.true.nl","180.163.220.3"
"2020-04-07T09:22:39.603Z","duckhunt07.true.nl","180.163.220.3"
"2020-04-07T09:22:39.603Z","duckhunt07.true.nl","180.163.220.3"
"2020-04-07T09:22:39.603Z","duckhunt07.true.nl","180.163.220.3"
"2020-04-07T09:22:38.601Z","duckhunt07.true.nl","80.61.28.197"
"2020-04-07T09:22:39.603Z","duckhunt07.true.nl","180.163.220.3"
"2020-04-07T09:22:40.606Z","duckhunt07.true.nl","217.232.104.14"
"2020-04-07T09:22:40.608Z","duckhunt07.true.nl","127.0.0.1"
"2020-04-07T09:22:40.607Z","duckhunt07.true.nl","77.168.77.119"
"2020-04-07T09:22:39.603Z","duckhunt07.true.nl","180.163.220.3"
"2020-04-07T09:22:42.613Z","duckhunt07.true.nl","86.82.26.147"
"2020-04-07T09:22:42.613Z","duckhunt07.true.nl","86.82.26.147"
"2020-04-07T09:22:42.613Z","duckhunt07.true.nl","86.82.26.147"
"2020-04-07T09:22:42.613Z","duckhunt07.true.nl","86.82.26.147"
"2020-04-07T09:22:42.613Z","duckhunt07.true.nl","86.82.26.147"
"2020-04-07T09:22:42.613Z","duckhunt07.true.nl","86.82.26.147"
"2020-04-07T09:22:42.613Z","duckhunt07.true.nl","83.136.199.92"
"timestamp","source","client"
"2020-04-07T09:22:39.611Z","duckhunt04.true.nl","62.140.137.104"
"2020-04-07T09:22:39.611Z","duckhunt04.true.nl","62.140.137.104"
"2020-04-07T09:22:39.612Z","duckhunt04.true.nl","62.140.137.104"
"2020-04-07T09:22:39.612Z","duckhunt04.true.nl","62.140.137.104"
"2020-04-07T09:22:39.612Z","duckhunt04.true.nl","62.140.137.104"
"2020-04-07T09:22:40.612Z","duckhunt04.true.nl","127.0.0.1"
"2020-04-07T09:22:40.612Z","duckhunt04.true.nl","127.0.0.1"
"2020-04-07T09:22:40.612Z","duckhunt04.true.nl","127.0.0.1"
"2020-04-07T09:22:46.614Z","duckhunt04.true.nl",
"2020-04-07T09:22:40.584Z","duckhunt04.true.nl","136.144.189.96"
"2020-04-07T09:22:46.585Z","duckhunt04.true.nl","136.144.189.96"
"2020-04-07T09:22:46.585Z","duckhunt04.true.nl","136.144.189.96"
"2020-04-07T09:22:38.845Z","duckhunt04.true.nl",
"2020-04-07T09:22:44.848Z","duckhunt04.true.nl","104.206.128.10"
"2020-04-07T09:22:46.849Z","duckhunt04.true.nl","127.0.0.1"
"2020-04-07T09:22:46.849Z","duckhunt04.true.nl","213.127.12.198"
"2020-04-07T09:22:46.849Z","duckhunt04.true.nl","213.127.12.198"
"2020-04-07T09:22:46.849Z","duckhunt04.true.nl","127.0.0.1"
"2020-04-07T09:22:45.245Z","duckhunt04.true.nl","18.179.49.152"
"2020-04-07T09:22:45.245Z","duckhunt04.true.nl","3.84.74.168"
"2020-04-07T09:22:41.259Z","duckhunt04.true.nl","213.34.123.41"
"2020-04-07T09:22:41.259Z","duckhunt04.true.nl","213.34.123.41"
"2020-04-07T09:22:41.259Z","duckhunt04.true.nl","213.34.123.41"
"2020-04-07T09:22:41.259Z","duckhunt04.true.nl","213.34.123.41"
"2020-04-07T09:22:41.259Z","duckhunt04.true.nl","213.34.123.41"
"2020-04-07T09:22:41.259Z","duckhunt04.true.nl","213.34.123.41"
"2020-04-07T09:22:41.259Z","duckhunt04.true.nl","213.34.123.41"
"2020-04-07T09:22:41.259Z","duckhunt04.true.nl","213.34.123.41"
"2020-04-07T09:22:41.259Z","duckhunt04.true.nl","213.34.123.41"
"2020-04-07T09:22:41.259Z","duckhunt04.true.nl","213.34.123.41"
"2020-04-07T09:22:41.259Z","duckhunt04.true.nl","213.34.123.41"
"2020-04-07T09:22:44.514Z","duckhunt04.true.nl","54.36.149.29"
"2020-04-07T09:22:45.428Z","duckhunt04.true.nl","127.0.0.1"
"2020-04-07T09:22:45.428Z","duckhunt04.true.nl","217.150.190.17"
"2020-04-07T09:22:38.166Z","duckhunt04.true.nl","81.175.89.2"
"2020-04-07T09:22:39.167Z","duckhunt04.true.nl","127.0.0.1"
"2020-04-07T09:22:47.170Z","duckhunt04.true.nl","208.91.109.90"
"2020-04-07T09:22:41.055Z","duckhunt04.true.nl","82.74.43.215"
"2020-04-07T09:22:40.484Z","duckhunt04.true.nl","176.9.25.107"
"2020-04-07T09:22:43.061Z","duckhunt04.true.nl","144.76.120.197"
"2020-04-07T09:22:41.179Z","duckhunt04.true.nl","213.127.119.206"
"2020-04-07T09:22:43.180Z","duckhunt04.true.nl","213.127.119.206"
"2020-04-07T09:22:44.075Z","duckhunt04.true.nl",
"2020-04-07T09:22:39.486Z","duckhunt04.true.nl","94.213.61.105"
"2020-04-07T09:22:40.487Z","duckhunt04.true.nl","66.249.83.75"
"2020-04-07T09:22:42.490Z","duckhunt04.true.nl","81.30.68.146"
"2020-04-07T09:22:42.490Z","duckhunt04.true.nl","127.0.0.1"
"2020-04-07T09:22:42.490Z","duckhunt04.true.nl","217.63.27.118"
"2020-04-07T09:22:42.490Z","duckhunt04.true.nl","217.63.27.118"
"2020-04-07T09:22:44.491Z","duckhunt04.true.nl","217.63.27.118"
"2020-04-07T09:22:44.491Z","duckhunt04.true.nl","217.63.27.118"
"2020-04-07T09:22:45.493Z","duckhunt04.true.nl","213.127.20.162"
"2020-04-07T09:22:45.493Z","duckhunt04.true.nl","213.127.20.162"
"2020-04-07T09:22:45.493Z","duckhunt04.true.nl","213.127.20.162"
"2020-04-07T09:22:45.493Z","duckhunt04.true.nl","213.127.20.162"
"2020-04-07T09:22:46.493Z","duckhunt04.true.nl","127.0.0.1"
"2020-04-07T09:22:46.493Z","duckhunt04.true.nl","213.127.123.11"
"2020-04-07T09:22:39.679Z","duckhunt05.true.nl","217.102.193.99"
"2020-04-07T09:22:39.679Z","duckhunt05.true.nl","217.102.193.99"
"2020-04-07T09:22:39.679Z","duckhunt05.true.nl","127.0.0.1"
"2020-04-07T09:22:39.679Z","duckhunt05.true.nl","109.37.134.110"
"2020-04-07T09:22:39.679Z","duckhunt05.true.nl","127.0.0.1"
"2020-04-07T09:22:40.683Z","duckhunt05.true.nl","148.163.123.74"
"2020-04-07T09:22:40.689Z","duckhunt05.true.nl",
"2020-04-07T09:22:41.690Z","duckhunt05.true.nl",
"2020-04-07T09:22:41.692Z","duckhunt05.true.nl",
"2020-04-07T09:22:41.693Z","duckhunt05.true.nl","37.4.230.62"
"2020-04-07T09:22:41.695Z","duckhunt05.true.nl",
"2020-04-07T09:22:41.693Z","duckhunt05.true.nl",
"2020-04-07T09:22:41.693Z","duckhunt05.true.nl","37.4.230.62"
"2020-04-07T09:22:43.701Z","duckhunt05.true.nl","46.44.164.97"
"2020-04-07T09:22:43.701Z","duckhunt05.true.nl","46.44.164.97"
"2020-04-07T09:22:43.701Z","duckhunt05.true.nl","46.44.164.97"
"2020-04-07T09:22:43.701Z","duckhunt05.true.nl","46.44.164.97"
"2020-04-07T09:22:43.701Z","duckhunt05.true.nl","46.44.164.97"
"2020-04-07T09:22:43.701Z","duckhunt05.true.nl","46.44.164.97"
"2020-04-07T09:22:43.701Z","duckhunt05.true.nl","46.44.164.97"
"2020-04-07T09:22:39.603Z","duckhunt07.true.nl","180.163.220.3"
"2020-04-07T09:22:39.603Z","duckhunt07.true.nl","180.163.220.3"
"2020-04-07T09:22:39.603Z","duckhunt07.true.nl","180.163.220.3"
"2020-04-07T09:22:39.603Z","duckhunt07.true.nl","180.163.220.3"
"2020-04-07T09:22:39.603Z","duckhunt07.true.nl","180.163.220.3"
"2020-04-07T09:22:39.603Z","duckhunt07.true.nl","180.163.220.3"
"2020-04-07T09:22:39.603Z","duckhunt07.true.nl","180.163.220.3"
"2020-04-07T09:22:39.603Z","duckhunt07.true.nl","180.163.220.3"
"2020-04-07T09:22:39.603Z","duckhunt07.true.nl","180.163.220.3"
"2020-04-07T09:22:39.603Z","duckhunt07.true.nl","180.163.220.3"
"2020-04-07T09:22:39.603Z","duckhunt07.true.nl","180.163.220.3"
"2020-04-07T09:22:39.603Z","duckhunt07.true.nl","180.163.220.3"
"2020-04-07T09:22:38.601Z","duckhunt07.true.nl","80.61.28.197"
"2020-04-07T09:22:39.603Z","duckhunt07.true.nl","180.163.220.3"
"2020-04-07T09:22:40.606Z","duckhunt07.true.nl","217.232.104.14"
"2020-04-07T09:22:40.608Z","duckhunt07.true.nl","127.0.0.1"
"2020-04-07T09:22:40.607Z","duckhunt07.true.nl","77.168.77.119"
"2020-04-07T09:22:39.603Z","duckhunt07.true.nl","180.163.220.3"
"2020-04-07T09:22:42.613Z","duckhunt07.true.nl","86.82.26.147"
"2020-04-07T09:22:42.613Z","duckhunt07.true.nl","86.82.26.147"
"2020-04-07T09:22:42.613Z","duckhunt07.true.nl","86.82.26.147"
"2020-04-07T09:22:42.613Z","duckhunt07.true.nl","86.82.26.147"
"2020-04-07T09:22:42.613Z","duckhunt07.true.nl","86.82.26.147"
"2020-04-07T09:22:42.613Z","duckhunt07.true.nl","86.82.26.147"
"2020-04-07T09:22:42.613Z","duckhunt07.true.nl","83.136.199.92"
"2020-04-07T09:22:38.670Z","duckhunt05.true.nl",
"2020-04-07T09:22:38.674Z","duckhunt05.true.nl","95.91.235.236"
"2020-04-07T09:22:38.674Z","duckhunt05.true.nl","127.0.0.1"
"2020-04-07T09:22:38.674Z","duckhunt05.true.nl","88.217.181.60"
"2020-04-07T09:22:38.674Z","duckhunt05.true.nl","88.217.181.60"
"2020-04-07T09:22:38.674Z","duckhunt05.true.nl","88.217.181.60"
"2020-04-07T09:22:39.676Z","duckhunt05.true.nl","88.217.181.60"
"2020-04-07T09:22:38.674Z","duckhunt05.true.nl","88.217.181.60"
"2020-04-07T09:22:39.676Z","duckhunt05.true.nl","95.91.235.236"
"2020-04-07T09:22:39.676Z","duckhunt05.true.nl","95.91.235.236"
"2020-04-07T09:22:39.676Z","duckhunt05.true.nl","95.91.235.236"
"2020-04-07T09:22:39.676Z","duckhunt05.true.nl","95.91.235.236"
"2020-04-07T09:22:39.676Z","duckhunt05.true.nl","95.91.235.236"
"2020-04-07T09:22:38.675Z","duckhunt05.true.nl","88.217.181.60"
"2020-04-07T09:22:42.613Z","duckhunt07.true.nl","83.136.199.92"
"2020-04-07T09:22:42.613Z","duckhunt07.true.nl","83.136.199.92"
"2020-04-07T09:22:42.613Z","duckhunt07.true.nl","83.136.199.92"
"2020-04-07T09:22:43.614Z","duckhunt07.true.nl","86.80.31.27"
"2020-04-07T09:22:43.614Z","duckhunt07.true.nl","86.80.31.27"
"2020-04-07T09:22:43.614Z","duckhunt07.true.nl","86.82.26.147"
"2020-04-07T09:22:42.613Z","duckhunt07.true.nl","86.84.5.74"
"2020-04-07T09:22:43.614Z","duckhunt07.true.nl","86.82.26.147"
"2020-04-07T09:22:43.615Z","duckhunt07.true.nl","86.82.26.147"
"2020-04-07T09:22:43.615Z","duckhunt07.true.nl","86.82.26.147"
"2020-04-07T09:22:43.615Z","duckhunt07.true.nl","143.179.49.8"
"2020-04-07T09:22:43.615Z","duckhunt07.true.nl","143.179.49.8"
"2020-04-07T09:22:43.615Z","duckhunt07.true.nl","143.179.49.8"
"2020-04-07T09:22:42.613Z","duckhunt07.true.nl","127.0.0.1"
"2020-04-07T09:22:43.615Z","duckhunt07.true.nl","143.179.49.8"
"2020-04-07T09:22:43.615Z","duckhunt07.true.nl","143.179.49.8"
"2020-04-07T09:22:43.615Z","duckhunt07.true.nl","143.179.49.8"
"2020-04-07T09:22:43.615Z","duckhunt07.true.nl","143.179.49.8"
"2020-04-07T09:22:43.615Z","duckhunt07.true.nl","143.179.49.8"
"2020-04-07T09:22:43.615Z","duckhunt07.true.nl","143.179.49.8"
"2020-04-07T09:22:44.616Z","duckhunt07.true.nl","188.206.75.66"
"2020-04-07T09:22:44.616Z","duckhunt07.true.nl","188.206.75.66"
"2020-04-07T09:22:43.615Z","duckhunt07.true.nl","143.179.49.8"
"2020-04-07T09:22:44.616Z","duckhunt07.true.nl","188.206.75.66"
"2020-04-07T09:22:44.616Z","duckhunt07.true.nl","188.206.75.66"
"2020-04-07T09:22:44.616Z","duckhunt07.true.nl","188.206.75.66"
"2020-04-07T09:22:44.616Z","duckhunt07.true.nl","188.206.75.66"
"2020-04-07T09:22:44.616Z","duckhunt07.true.nl","188.206.75.66"
"2020-04-07T09:22:44.616Z","duckhunt07.true.nl","188.206.75.66"
"2020-04-07T09:22:44.616Z","duckhunt07.true.nl","188.206.75.66"
"2020-04-07T09:22:44.616Z","duckhunt07.true.nl","188.206.75.66"
"2020-04-07T09:22:44.616Z","duckhunt07.true.nl","188.206.75.66"
"2020-04-07T09:22:44.616Z","duckhunt07.true.nl","86.80.31.27"
"2020-04-07T09:22:44.616Z","duckhunt07.true.nl","188.206.75.66"
"2020-04-07T09:22:43.615Z","duckhunt07.true.nl","143.179.49.8"
"2020-04-07T09:22:45.619Z","duckhunt07.true.nl","143.179.49.8"
"2020-04-07T09:22:46.619Z","duckhunt07.true.nl","77.175.179.15"
"2020-04-07T09:22:46.619Z","duckhunt07.true.nl","77.175.179.15"
"2020-04-07T09:22:46.619Z","duckhunt07.true.nl","77.175.179.15"
"2020-04-07T09:22:44.616Z","duckhunt07.true.nl","188.206.75.66"
"2020-04-07T09:22:44.616Z","duckhunt07.true.nl","86.80.31.27"
"2020-04-07T09:22:46.621Z","duckhunt07.true.nl","77.175.179.15"
"2020-04-07T09:22:39.679Z","duckhunt05.true.nl","127.0.0.1"
"2020-04-07T09:22:39.679Z","duckhunt05.true.nl","217.102.193.99"
"2020-04-07T09:22:39.679Z","duckhunt05.true.nl","127.0.0.1"
"2020-04-07T09:22:39.679Z","duckhunt05.true.nl","127.0.0.1"
"2020-04-07T09:22:39.680Z","duckhunt05.true.nl",
"2020-04-07T09:22:39.679Z","duckhunt05.true.nl","217.102.193.99"
"2020-04-07T09:22:40.684Z","duckhunt05.true.nl","163.158.27.104"
"2020-04-07T09:22:40.686Z","duckhunt05.true.nl","199.30.51.162"
"2020-04-07T09:22:39.679Z","duckhunt05.true.nl","217.102.193.99"
"2020-04-07T09:22:41.692Z","duckhunt05.true.nl",
"2020-04-07T09:22:41.692Z","duckhunt05.true.nl",
"2020-04-07T09:22:41.693Z","duckhunt05.true.nl","145.131.157.151"
"2020-04-07T09:22:41.693Z","duckhunt05.true.nl","37.4.230.62"
"2020-04-07T09:22:42.696Z","duckhunt05.true.nl",
"2020-04-07T09:22:43.701Z","duckhunt05.true.nl","46.44.164.97"
"2020-04-07T09:22:43.701Z","duckhunt05.true.nl","46.44.164.97"
"2020-04-07T09:22:43.701Z","duckhunt05.true.nl","46.44.164.97"
"2020-04-07T09:22:42.696Z","duckhunt05.true.nl",
"2020-04-07T09:22:43.701Z","duckhunt05.true.nl","46.44.164.97"
"2020-04-07T09:22:43.701Z","duckhunt05.true.nl","46.44.164.97"
"2020-04-07T09:22:43.701Z","duckhunt05.true.nl","46.44.164.97"
"2020-04-07T09:22:43.701Z","duckhunt05.true.nl","46.44.164.97"
"2020-04-07T09:22:43.701Z","duckhunt05.true.nl","46.44.164.97"
"2020-04-07T09:22:42.695Z","duckhunt05.true.nl",
{"type":"ApiError","message":"Missing required parameter `fields`"}"timestamp","*"
"2020-04-07T10:03:00.104Z",
"2020-04-07T10:03:07.104Z",
"2020-04-07T10:03:10.105Z",
"2020-04-07T10:03:17.105Z",
"2020-04-07T10:03:20.105Z",
"2020-04-07T10:03:27.106Z",
"2020-04-07T10:03:30.106Z",
"2020-04-07T10:03:37.107Z",
"2020-04-07T10:03:40.107Z",
"2020-04-07T10:03:47.108Z",
"2020-04-07T10:03:54.109Z",
"2020-04-07T10:04:01.109Z",
"2020-04-07T10:04:04.110Z",
"2020-04-07T10:04:11.110Z",
"2020-04-07T10:04:14.111Z",
"2020-04-07T10:04:21.111Z",
"timestamp","*"
"2020-04-07T10:03:10.105Z",
"2020-04-07T10:03:17.105Z",
"2020-04-07T10:03:20.105Z",
"2020-04-07T10:03:27.106Z",
"2020-04-07T10:03:30.106Z",
"2020-04-07T10:03:37.107Z",
"2020-04-07T10:03:40.107Z",
"2020-04-07T10:03:47.108Z",
"2020-04-07T10:03:54.109Z",
"2020-04-07T10:04:01.109Z",
"2020-04-07T10:04:04.110Z",
"2020-04-07T10:04:11.110Z",
"2020-04-07T10:04:14.111Z",
"2020-04-07T10:04:21.111Z",
"2020-04-07T10:04:24.112Z",
